نماد,نام,تعداد,حجم,ارزش,دیروز,اولین,آخرین معامله - مقدار,آخرین معامله - تغییر,آخرین معامله - درصد,قیمت پایانی - مقدار,قیمت پایانی - تغییر,قیمت پایانی - درصد,کمترین,بیشترین
اپال,فرآوري معدني اپال كاني پارس,53887,64856200,1.04025E+12,16000,15920,16260,260.00,1.63,16040,40.00,0.25,15680,16410
بركت,گروه دارويي بركت,50725,106624749,3.46449E+12,31650,31790,33110,"1,460.00",4.61,32490,840.00,2.65,31020,33390
كزغال,زغال سنگ پروده طبس,41567,15455024,5.1649E+11,32138,32000,34066,"1,928.00",6.00,33419,"1,281.00",3.99,31496,34066
پالايش,صندوق پالايشي يکم-سهام,39295,55121904,4.71939E+12,88980,85430,85430,"-3,550.00",-3.99,85620,"-3,360.00",-3.78,85430,86800
دارا يكم,صندوق واسطه گري مالي يكم-سهام,31330,23070134,3.29805E+12,148090,142350,142170,"-5,920.00",-4.00,142960,"-5,130.00",-3.46,142170,145490
شپنا,پالايش نفت اصفهان,26731,237638739,3.01051E+12,12830,12580,12590,-240.00,-1.87,12670,-160.00,-1.25,12580,13080
شستا,سرمايه گذاري تامين اجتماعي,18035,65668566,1.24513E+12,19310,18930,18930,-380.00,-1.97,18960,-350.00,-1.81,18930,19200
فملي,ملي‌ صنايع‌ مس‌ ايران‌,12667,77459661,9.47711E+11,12410,12190,12250,-160.00,-1.29,12230,-180.00,-1.45,12170,12390
فولاد,فولاد مباركه اصفهان,12192,88138499,1.10141E+12,12590,12480,12590,0,0,12500,-90.00,-0.71,12340,12640
وتجارت,بانك تجارت,11631,327542622,8.21746E+11,2520,2470,2540,20.00,0.79,2510,-10.00,-0.40,2470,2550
غگل,گلوكوزان‌,11127,128149377,4.5376E+11,3510,3600,3590,80.00,2.28,3540,30.00,0.85,3440,3640
رافزا,رايان هم افزا,10837,430263,38487885876,84389,89452,89452,"5,063.00",6.00,86269,"1,880.00",2.23,89452,89452
بوعلي,پتروشيمي بوعلي سينا,9594,2803450,1.1803E+11,42370,41760,42110,-260.00,-0.61,42100,-270.00,-0.64,41540,42800
شبندر,پالايش نفت بندرعباس,9489,55455595,1.51401E+12,27820,27270,27270,-550.00,-1.98,27300,-520.00,-1.87,27270,27700
بگيلان,توسعه مسير برق گيلان,9407,4157996,87662108791,21006,20600,21370,364.00,1.73,21083,77.00,0.37,20586,21638
ثاميد,توسعه و عمران اميد,9402,67148002,1.03822E+11,1570,1560,1550,-20.00,-1.27,1550,-20.00,-1.27,1540,1570
وسپهر,سرمايه گذاري مالي سپهرصادرات,9026,21154023,2.13659E+11,10100,10100,10101,1.00,0.01,10100,0,0,10100,10102
خبهمن,گروه‌بهمن‌,7945,26807020,5.17628E+11,19360,19020,19310,-50.00,-0.26,19310,-50.00,-0.26,18980,19980
وبملت,بانك ملت,7516,177740508,6.69534E+11,3740,3730,3770,30.00,0.80,3770,30.00,0.80,3670,3860
بالبر,كابل‌ البرز,7282,10818883,6.76762E+11,62000,65720,60760,"-1,240.00",-2.00,62550,550.00,0.89,60760,65720
امين,تامين سرمايه امين,7195,3538229,36829083290,10400,10420,10400,0,0,10410,10.00,0.10,10400,10430
آريا,پليمر آريا ساسول,6958,2679637,2.19362E+11,82185,80570,82100,-85.00,-0.10,81862,-323.00,-0.39,80542,83090
شتران,پالايش نفت تهران,6436,63551479,5.52243E+11,8850,8680,8680,-170.00,-1.92,8690,-160.00,-1.81,8680,8840
وبصادر,بانك صادرات ايران,5895,181527885,4.11627E+11,2290,2250,2290,0,0,2270,-20.00,-0.87,2250,2300
سيتا,سرمايه گذاري سيمان تامين,5891,8419134,1.26314E+11,15000,15000,15000,0,0,15000,0,0,15000,15030
وكبهمن,مديريت سرمايه گذاري كوثربهمن,5704,4838933,56805131727,11978,11739,11739,-239.00,-2.00,11739,-239.00,-2.00,11739,11800
حفاري,حفاري شمال,5298,42128082,3.00213E+11,7220,7080,7160,-60.00,-0.83,7130,-90.00,-1.25,7080,7290
كمند,صندوق س. با درآمد ثابت كمند,4929,198672214,1.99231E+12,10023,10030,10028,5.00,0.05,10028,5.00,0.05,10027,10031
وغدير,سرمايه‌گذاري‌غدير(هلدينگ‌,4694,31928009,3.78736E+11,11830,11700,11820,-10.00,-0.08,11860,30.00,0.25,11600,12070
وپارس,بانك‌پارسيان‌,4433,162319810,4.79379E+11,3010,2950,2950,-60.00,-1.99,2950,-60.00,-1.99,2950,3000
غپاك,لبنيات‌ پاك‌,4403,13771848,3.23154E+11,22290,22310,23620,"1,330.00",5.97,23460,"1,170.00",5.25,22300,23620
غفارس,شير پاستوريزه پگاه فارس,4339,14859477,2.48743E+11,16499,16990,16381,-118.00,-0.72,16740,241.00,1.46,16170,17200
ولتجار,واسپاري تجارت وسرمايه ايرانيان,4272,35353149,3.18059E+11,9020,9471,8660,-360.00,-3.99,8997,-23.00,-0.25,8660,9471
سمگا,گروه سرمايه گذاري ميراث فرهنگي,4269,22607465,6.22584E+11,26148,26310,27716,"1,568.00",6.00,27539,"1,391.00",5.32,26200,27716
چكاپا,گروه صنايع كاغذ پارس,3980,44241532,2.27214E+11,5230,5160,5130,-100.00,-1.91,5140,-90.00,-1.72,5130,5300
خودكفا,اقتصادي و خودكفايي آزادگان,3832,18701558,4.21332E+11,21985,21970,22644,659.00,3.00,22529,544.00,2.47,21911,22644
امين يكم,صندوق درآمد ثابت امين يكم فردا,3244,88664662,9.02957E+11,10175,10190,10184,9.00,0.09,10184,9.00,0.09,10180,10190
كيان,صندوق س. با درآمد ثابت كيان,3229,93536467,2.57184E+12,27483,27499,27498,15.00,0.05,27496,13.00,0.05,27494,27500
كرازي,كارخانجات‌توليدي‌شيشه‌رازي‌,3010,8309610,1.9257E+11,22170,21930,23500,"1,330.00",6.00,23170,"1,000.00",4.51,21930,23500
پترول,گروه پتروشيمي س. ايرانيان,3010,21299775,1.98874E+11,9520,9330,9330,-190.00,-2.00,9340,-180.00,-1.89,9330,9470
شلرد,كود شيميايي اوره لردگان,2963,33194855,2.39844E+11,7076,7200,7288,212.00,3.00,7225,149.00,2.11,6950,7288
ساراب,سيمان‌ داراب‌,2908,10259594,1.7016E+11,15810,16750,16750,940.00,5.95,16590,780.00,4.93,15950,16750
صبا,سرمايه گذاري صبا تامين,2843,8413645,60531489612,7214,7130,7184,-30.00,-0.42,7204,-10.00,-0.14,7100,7320
كاما,باما,2841,10964213,1.45485E+11,13520,13280,13250,-270.00,-2.00,13270,-250.00,-1.85,13250,13480
بترانس,ايران‌ ترانسفو,2832,48155236,1.28458E+11,2710,2710,2660,-50.00,-1.85,2670,-40.00,-1.48,2660,2730
آوا,صندوق س.سهام آواي معيار-س,2827,24275494,1.59758E+11,6828,6610,6578,-250.00,-3.66,6581,-247.00,-3.62,6555,6648
نوري,پتروشيمي نوري,2747,3267615,1.81574E+11,56000,55900,56400,400.00,0.71,55570,-430.00,-0.77,54880,56560
شبريز,پالايش نفت تبريز,2720,18094623,5.56646E+11,31370,30750,30760,-610.00,-1.94,30760,-610.00,-1.94,30750,31180
والبر,سرمايه‌ گذاري‌ البرز(هلدينگ‌,2679,8962227,1.51234E+11,16860,17100,16660,-200.00,-1.19,16870,10.00,0.06,16530,17390
كچاد,معدني‌وصنعتي‌چادرملو,2673,10928841,2.27083E+11,20290,20400,20980,690.00,3.40,20780,490.00,2.41,20290,21040
فارس,صنايع پتروشيمي خليج فارس,2617,21976777,1.89373E+11,8620,8610,8660,40.00,0.46,8620,0,0,8450,8800
هاي وب,داده گسترعصرنوين-هاي وب,2579,12226818,1.1679E+11,9680,9490,9650,-30.00,-0.31,9550,-130.00,-1.34,9490,9840
خودرو,ايران‌ خودرو,2579,50839714,1.22524E+11,2450,2410,2410,-40.00,-1.63,2410,-40.00,-1.63,2410,2410
خكرمان,گروه اقتصادي كرمان خودرو,2534,49698071,2.03659E+11,4009,4040,4129,120.00,2.99,4098,89.00,2.22,3990,4129
شگويا,پتروشيمي تندگويان,2479,16973451,1.39444E+11,8377,8210,8210,-167.00,-1.99,8215,-162.00,-1.93,8210,8290
فخوز,فولاد  خوزستان,2457,16139453,2.24177E+11,13920,13800,13750,-170.00,-1.22,13890,-30.00,-0.22,13700,14200
اعتماد,صندوق س.اعتماد آفرين پارسيان-د,2437,62255550,2.19718E+12,35250,35280,35293,43.00,0.12,35293,43.00,0.12,35280,35300
كپشير,پشم‌شيشه‌ايران‌,2413,2930257,1.24666E+11,40670,40000,43110,"2,440.00",6.00,42540,"1,870.00",4.60,39990,43110
مبين,مبين انرژي خليج فارس,2406,15629187,2.49705E+11,15770,15510,16020,250.00,1.59,15980,210.00,1.33,15460,16580
تاصيكو,سرمايه گذاري صدرتامين,2333,17527695,1.86246E+11,10380,10290,10800,420.00,4.05,10630,250.00,2.41,10180,11000
كگل,معدني و صنعتي گل گهر,2276,10464920,1.95396E+11,18510,18510,18870,360.00,1.94,18670,160.00,0.86,18510,18900
وپاسار,بانك  پاسارگاد,2263,40286217,4.86597E+11,12070,12070,12080,10.00,0.08,12080,10.00,0.08,12060,12090
ونوين,بانك‌اقتصادنوين‌,2215,44218232,1.80745E+11,4110,4040,4070,-40.00,-0.97,4090,-20.00,-0.49,4030,4160
خساپا,سايپا,2012,44442092,96883760560,2220,2180,2180,-40.00,-1.80,2190,-30.00,-1.35,2180,2180
ومعادن,توسعه‌معادن‌وفلزات‌,2007,21523851,2.5259E+11,11700,11700,11850,150.00,1.28,11740,40.00,0.34,11510,11890
شيران,س. صنايع‌شيميايي‌ايران,1995,8131448,2.07462E+11,26010,25820,25490,-520.00,-2.00,25510,-500.00,-1.92,25490,26490
قنيشا,قند  نيشابور,1924,3003956,1.82985E+11,61860,60630,60630,"-1,230.00",-1.99,60910,-950.00,-1.54,60630,62570
گكوثر,هتل پارسيان كوثر اصفهان,1837,23134901,56971280445,2495,2448,2446,-49.00,-1.96,2463,-32.00,-1.28,2446,2530
وصنا,گروه‌صنايع‌بهشهرايران‌,1822,11067146,70609130990,6270,6300,6360,90.00,1.44,6380,110.00,1.75,6150,6570
غگلپا,شير پاستوريزه پگاه گلپايگان,1799,2015699,1.46319E+11,69250,71704,73405,"4,155.00",6.00,72590,"3,340.00",4.82,69000,73405
ذوب,سهامي ذوب آهن  اصفهان,1786,21579315,80361369060,3800,3724,3724,-76.00,-2.00,3733,-67.00,-1.76,3724,3724
ثاخت,بين‌المللي‌توسعه‌ساختمان,1742,36180033,91917313740,2590,2540,2540,-50.00,-1.93,2540,-50.00,-1.93,2540,2560
تاپيكو,س. نفت و گاز و پتروشيمي تأمين,1689,9284714,1.05798E+11,11350,11300,11470,120.00,1.06,11390,40.00,0.35,11130,11530
دعبيد,لابراتوارداروسازي‌  دكترعبيدي‌,1685,3266869,74147714420,21820,21390,23120,"1,300.00",5.96,22700,880.00,4.03,21390,23120
اخابر,مخابرات ايران,1676,10986859,1.07087E+11,9920,9870,9730,-190.00,-1.92,9760,-160.00,-1.61,9730,9870
بجهرم,توسعه مولد نيروگاهي جهرم,1647,15637714,44752563260,2918,2870,2860,-58.00,-1.99,2867,-51.00,-1.75,2860,2918
غسالم,سالمين‌,1630,13554833,56067170210,4210,4190,4130,-80.00,-1.90,4140,-70.00,-1.66,4130,4190
وپست,پست بانك ايران,1616,9689497,1.79289E+11,18840,18470,18470,-370.00,-1.96,18500,-340.00,-1.80,18470,18830
شلعاب,لعابيران‌,1562,6854223,1.5391E+11,22880,22430,22430,-450.00,-1.97,22450,-430.00,-1.88,22430,22800
شبهرن,نفت‌ بهران‌,1501,2098659,1.28467E+11,60220,59880,61630,"1,410.00",2.34,61210,990.00,1.64,59050,62290
كپارس,كاشي‌ پارس‌,1501,1044828,1.60963E+11,156840,153720,153710,"-3,130.00",-2.00,154060,"-2,780.00",-1.77,153710,157890
رتاپ,تجارت الكترونيك  پارسيان,1477,7500487,50920411840,6540,6480,6930,390.00,5.96,6780,240.00,3.67,6410,6930
خمحور,توليدمحورخودرو,1433,2739499,1.69698E+11,58930,57760,62460,"3,530.00",5.99,61940,"3,010.00",5.11,57760,62460
تملت,تامين سرمايه بانك ملت,1411,12682908,68941686450,5540,5470,5430,-110.00,-1.99,5440,-100.00,-1.81,5430,5580
جم پيلن,پلي پروپيلن جم - جم پيلن,1382,1406180,1.02718E+11,71620,73800,73300,"1,680.00",2.35,73050,"1,430.00",2.00,71110,73980
فاسمين,كالسيمين‌,1340,7216597,1.15655E+11,16250,15950,16010,-240.00,-1.48,16030,-220.00,-1.35,15930,16390
كاوه,فولاد كاوه جنوب كيش,1327,8028257,1.58391E+11,19960,19950,19790,-170.00,-0.85,19730,-230.00,-1.15,19570,19950
سرو,صندوق س سروسودمند مدبران-سهام,1324,1524222,99931329050,66750,65150,65600,"-1,150.00",-1.72,65560,"-1,190.00",-1.78,64820,66480
ثالوند,سرمايه گذاري مسكن الوند,1315,3706501,1.25475E+11,34414,33941,33726,-688.00,-2.00,33853,-561.00,-1.63,33726,35300
آگاس,صندوق س.هستي بخش آگاه-س,1305,2029295,1.31319E+11,65007,64050,65014,7.00,0.01,64711,-296.00,-0.46,63250,65199
شپترو,پتروشيمي آبادان,1282,21516246,1.07995E+11,4941,4843,5089,148.00,3.00,5019,78.00,1.58,4843,5089
سامان,بانك سامان,1272,10905578,1.14088E+11,10433,10231,10650,217.00,2.08,10461,28.00,0.27,10231,10699
كروي,توسعه‌ معادن‌ روي‌ ايران‌,1264,2667766,70396659550,26510,26500,26710,200.00,0.75,26390,-120.00,-0.45,25980,26890
زاگرس,پتروشيمي زاگرس,1252,606977,1.22314E+11,204053,201959,200030,"-4,023.00",-1.97,201514,"-2,539.00",-1.24,199972,208500
ارفع,شركت آهن و فولاد ارفع,1245,6054249,82327483518,13451,13200,13660,209.00,1.55,13598,147.00,1.09,13182,14000
رمپنا,گروه مپنا (سهامي عام),1242,8275458,1.31153E+11,16150,15830,15830,-320.00,-1.98,15850,-300.00,-1.86,15830,16280
شپارسح,ح . بين‌ المللي‌محصولات پارس‌,1235,29231119,4.34482E+11,15470,17320,15400,-70.00,-0.45,14860,-610.00,-3.94,14860,17320
چكاوه,صنايع‌كاغذسازي‌كاوه‌,1214,2388640,43809415150,18460,18100,18100,-360.00,-1.95,18360,-100.00,-0.54,18100,18890
غبشهر,صنعتي‌ بهشهر,1179,4236609,86088935060,20500,21200,20170,-330.00,-1.61,20320,-180.00,-0.88,20090,21200
بساما,بيمه سامان,1141,2305981,49037039637,20261,20261,21476,"1,215.00",6.00,21230,969.00,4.78,19856,21476
غويتاح,ح . ويتانا,1119,4333000,52063759261,11856,11850,12016,160.00,1.35,12016,160.00,1.35,11630,12500
تنوين,تامين سرمايه نوين,1112,8340346,59120232230,6860,6900,7160,300.00,4.37,7090,230.00,3.35,6900,7230
ونيرو,سرمايه‌گذاري‌نيرو,1112,21161365,56123108550,2700,2650,2680,-20.00,-0.74,2650,-50.00,-1.85,2650,2690
پارسان,گسترش نفت و گاز پارسيان,1109,6276644,1.20207E+11,19120,19100,19300,180.00,0.94,19150,30.00,0.16,18740,19760
پارند,صندوق س. پارند پايدار سپهر,1097,28382029,3.18431E+11,11204,11219,11219,15.00,0.13,11219,15.00,0.13,11219,11222
خگستر,گسترش‌سرمايه‌گذاري‌ايران‌خودرو,1080,14529088,40826737280,2860,2810,2810,-50.00,-1.75,2820,-40.00,-1.40,2810,2810
كرمان,س. توسعه و عمران استان كرمان,1065,1302908,68273682108,53470,52401,52401,"-1,069.00",-2.00,52401,"-1,069.00",-2.00,52401,52401
تسه9911,امتياز تسهيلات مسكن بهمن99,1063,21812,12785058097,562400,561000,590520,"28,120.00",5.00,586148,"23,748.00",4.22,561000,590520
وايرا,سرمايه گذاري صنايع ايران,1043,4617352,53303489337,11373,11490,11588,215.00,1.89,11544,171.00,1.50,11151,11714
وبانك,سرمايه گذاري گروه توسعه ملي,1037,5954353,47618746870,8090,7940,8150,60.00,0.74,8040,-50.00,-0.62,7940,8150
شفن,پتروشيمي فناوران,1032,250360,75307977950,300540,300000,304110,"3,570.00",1.19,300720,180.00,0.06,294530,310000
آريان,سرمايه گذاري پارس آريان,1017,13337456,1.44296E+11,10983,10803,10800,-183.00,-1.67,10819,-164.00,-1.49,10764,11160
خصدرا,صنعتي‌ دريايي‌ ايران‌,1017,10617880,31108143079,2983,2925,2924,-59.00,-1.98,2930,-53.00,-1.78,2924,2972
بكام,كارخانجات توليدي شهيد قندي,1004,11496664,39165640260,3420,3450,3410,-10.00,-0.29,3410,-10.00,-0.29,3400,3450
جم,پتروشيمي جم,1000,5336168,1.82027E+11,33740,34430,34400,660.00,1.96,34110,370.00,1.10,33100,34500
ثباغ,شهر سازي و خانه سازي باغميشه,1000,2730694,40714577451,15037,14750,14880,-157.00,-1.04,14931,-106.00,-0.70,14737,15700
قرن,پديده شيمي قرن,998,766769,47924308460,63200,63200,63000,-200.00,-0.32,62540,-660.00,-1.04,61940,63870
غشهداب,كشت و صنعت شهداب ناب خراسان,984,12561518,48676806394,3951,3872,3872,-79.00,-2.00,3875,-76.00,-1.92,3872,3936
فافزا,فولاد افزا سپاهان,978,1238308,66005577145,51879,53435,53435,"1,556.00",3.00,53303,"1,424.00",2.74,52150,53435
ستران,سيمان‌ تهران‌,976,1814386,47749768240,26840,26310,26470,-370.00,-1.38,26320,-520.00,-1.94,26310,26500
سمازن,سيمان‌مازندران‌,959,4062443,48001513670,11920,11700,11820,-100.00,-0.84,11820,-100.00,-0.84,11690,12140
حسينا,توسعه خدمات دريايي وبندري سينا,920,1007591,70538788624,70514,69120,69890,-624.00,-0.88,70007,-507.00,-0.72,69104,71878
كنور,توسعه معدني و صنعتي صبانور,919,994102,43898193160,42620,42000,45000,"2,380.00",5.58,43910,"1,290.00",3.03,42000,45170
فاراك,ماشين‌ سازي‌ اراك‌,915,11571587,58901037240,5190,5090,5090,-100.00,-1.93,5090,-100.00,-1.93,5090,5120
بميلا,توسعه بازرگاني آهن وفولادميلاد,900,6017857,1.05423E+11,16885,16042,17729,844.00,5.00,17518,633.00,3.75,16042,17729
ورازي,بيمه رازي,889,6182572,55349386704,9369,9200,8901,-468.00,-5.00,8952,-417.00,-4.45,8901,9279
ومهان,گروه توسعه مالي مهر آيندگان,884,6398248,80237410294,12790,12535,12535,-255.00,-1.99,12541,-249.00,-1.95,12535,12680
دزهراويح,ح . ‌داروسازي‌زهراوي‌,854,2432077,11315621720,4840,4720,4650,-190.00,-3.93,4650,-190.00,-3.93,4650,4730
شاراك,پتروشيمي شازند,854,3380546,82343835890,24300,24540,24690,390.00,1.60,24360,60.00,0.25,23900,24770
سفارس,سيمان فارس و خوزستان,846,4529319,83175160980,18720,18410,18350,-370.00,-1.98,18360,-360.00,-1.92,18350,18570
تايرا,تراكتورسازي‌ايران‌,833,1658361,43013841740,25610,26080,26110,500.00,1.95,25900,290.00,1.13,25740,26120
پارس,پتروشيمي پارس,826,960962,1.32763E+11,135310,136460,139800,"4,490.00",3.32,138160,"2,850.00",2.11,134000,142260
وملل,اعتباري ملل,818,8225289,1.12383E+11,13883,13630,13606,-277.00,-2.00,13663,-220.00,-1.58,13606,14134
دي,بانك دي,806,1972702,38459798192,19893,19496,19496,-397.00,-2.00,19587,-306.00,-1.54,19496,19496
شوينده,مديريت صنعت شوينده ت.ص.بهشهر,777,644469,19591690500,30330,30810,30060,-270.00,-0.89,30360,30.00,0.10,29950,31000
ونفت,سرمايه‌گذاري‌ صنعت‌ نفت‌,771,2648007,42336329350,16170,16100,15860,-310.00,-1.92,16010,-160.00,-0.99,15850,16440
جمح,ح . پتروشيمي جم,760,1581499,44479094750,28020,28500,28220,200.00,0.71,28120,100.00,0.36,27220,28950
شسپا,نفت سپاهان,760,1881371,29968302950,16090,16010,15980,-110.00,-0.68,16010,-80.00,-0.50,15820,16170
تسه9908,امتياز تسهيلات مسكن آبان99,758,33442,19189154804,558891,560000,586835,"27,944.00",5.00,573804,"14,913.00",2.67,557900,586835
ومشان,س. فني و مهندسي مشانير,734,560436,40668490768,71075,69656,73207,"2,132.00",3.00,72566,"1,491.00",2.10,69656,73207
پسهند,صنايع‌ لاستيكي‌  سهند,728,903896,39362180550,43310,44590,42530,-780.00,-1.80,43500,190.00,0.44,42450,45600
وارس,سرمايه گذاري ارس صبا,712,2802161,40028049235,14705,14117,14117,-588.00,-4.00,14285,-420.00,-2.86,14117,15000
فنوال,نورد آلومينيوم‌,681,2263082,55892550200,25180,24680,24750,-430.00,-1.71,24700,-480.00,-1.91,24680,25000
مدير,ص.س.مديريت ثروت ص.بازنشستگي-س,681,2798073,24808491162,9126,8850,8895,-231.00,-2.53,8866,-260.00,-2.85,8770,8943
شپديس,پتروشيمي پرديس,681,1480515,1.36593E+11,92360,92000,92340,-20.00,-0.02,92260,-100.00,-0.11,90550,96500
امين يكم2,صندوق درآمد ثابت امين يكم فردا,680,68000000,68000000,10175,1,1,"-10,174.00",-99.99,1,"-10,174.00",-99.99,1,1
بموتو,موتوژن‌,677,437837,24453475890,56540,55920,55500,"-1,040.00",-1.84,56190,-350.00,-0.62,55410,57100
نوين,بيمه نوين,668,6962129,40215721150,5891,5774,5774,-117.00,-1.99,5793,-98.00,-1.66,5774,5887
وسين,بيمه سينا,668,2585218,37739891733,14829,14541,14720,-109.00,-0.74,14598,-231.00,-1.56,14533,15000
وثنو,سرمايه گذاري ساختماني نوين,666,3978321,22939081046,5664,5420,5947,283.00,5.00,5766,102.00,1.80,5381,5947
طلا,صندوق س.پشتوانه طلاي لوتوس,658,982686,74078614451,74745,75450,75500,755.00,1.01,75384,639.00,0.85,75300,75990
هرمز,فولاد هرمزگان جنوب,654,5476068,72294781305,13283,13050,13220,-63.00,-0.47,13235,-48.00,-0.36,13018,13489
مرقام,ايران‌ارقام‌,645,2128187,36317446180,17400,17110,17060,-340.00,-1.95,17140,-260.00,-1.49,17060,17300
همراه,شركت ارتباطات سيار ايران,633,1371476,34510304700,25570,25500,25420,-150.00,-0.59,25430,-140.00,-0.55,25060,25500
سكه0012پ01,سكه تمام بهارتحويلي 1روزه رفاه,629,291000,3.01808E+11,1027319,1036000,1029002,"1,683.00",0.16,1037140,"9,821.00",0.96,1020000,1046000
وسكاب,س.ص.بازنشستگي كاركنان بانكها,624,6127268,32041822980,5320,5340,5230,-90.00,-1.69,5260,-60.00,-1.13,5220,5340
ارزش,صندوق س ارزش آفرين بيدار-سهام,620,2797174,26298365560,9600,9440,9380,-220.00,-2.29,9400,-200.00,-2.08,9320,9470
تصميم,صندوق س با درآمد ثابت تصميم,601,7617755,1.20699E+11,15825,15835,15840,15.00,0.09,15844,19.00,0.12,15830,15900
سهگمت,سيمان‌هگمتان‌,599,722809,18672386430,25680,26000,25370,-310.00,-1.21,25740,60.00,0.23,25180,26490
شغدير,پتروشيمي غدير,569,894130,56860524340,64677,63384,63412,"-1,265.00",-1.96,63593,"-1,084.00",-1.68,63384,64500
وساخت,سرمايه‌ گذاري‌ ساختمان‌ايران‌,565,659461,30052824320,46440,45520,45520,-920.00,-1.98,45910,-530.00,-1.14,45520,46440
ياقوت,صندوق س ياقوت آگاه-ثابت,561,7458029,89698104245,12019,12033,12036,17.00,0.14,12027,8.00,0.07,12025,12036
وبوعلي,سرمايه‌گذاري‌بوعلي‌,559,2826004,15869620850,5720,5620,5610,-110.00,-1.92,5690,-30.00,-0.52,5610,5690
رنيك,جنرال مكانيك,558,1076606,21677291522,20503,20270,20171,-332.00,-1.62,20341,-162.00,-0.79,20093,20270
وسپهح,ح . سرمايه‌گذاري‌ سپه‌,558,3110244,15346513250,5100,4910,4930,-170.00,-3.33,4930,-170.00,-3.33,4900,5010
فسپا,گروه‌صنعتي‌سپاهان‌,553,1445944,54242169900,38260,37500,37500,-760.00,-1.99,37510,-750.00,-1.96,37500,37800
وحكمت,بيمه حكمت صبا,535,5489914,20667351321,3828,3898,3762,-66.00,-1.72,3765,-63.00,-1.65,3752,3898
بپيوند,برق و انرژي پيوندگستر پارس,532,2560321,36630512547,14598,14307,14307,-291.00,-1.99,14384,-214.00,-1.47,14307,14307
سكرما,سيمان‌ كرمان‌,531,2028950,35434533460,17670,17330,17380,-290.00,-1.64,17520,-150.00,-0.85,17320,18270
حتايد,تايدواترخاورميانه,526,2475598,60707875300,25010,24520,24510,-500.00,-2.00,24520,-490.00,-1.96,24510,24990
قنقش,قند نقش جهان,516,424473,32188899036,74840,76336,76336,"1,496.00",2.00,75833,993.00,1.33,73350,76336
غنوش,نوش‌ مازندران‌,509,1708681,99127654260,58910,57740,57740,"-1,170.00",-1.99,58010,-900.00,-1.53,57740,59990
ميدكو,هلدينگ صنايع  معدني خاورميانه,496,8274752,2.50927E+11,30237,30238,30239,2.00,0.01,30324,87.00,0.29,30235,30498
ضخود2007,اختيارخ خودرو-3000-1400/02/08,495,22334,2259361000,120,98,99,-21.00,-17.50,101,-19.00,-15.83,93,110
وسينا,بانك سينا,494,7193042,23246974360,3290,3230,3230,-60.00,-1.82,3260,-30.00,-0.91,3230,3290
شخارك,پتروشيمي‌ خارك‌,482,979287,42543691220,43190,43000,43950,760.00,1.76,43290,100.00,0.23,42330,44200
تسه9910,امتياز تسهيلات مسكن دي99,478,6060,3529467931,559581,558000,587560,"27,979.00",5.00,582420,"22,839.00",4.08,558000,587560
فولاژ,فولاد آلياژي ايران,477,2421311,42421399790,17860,17860,17510,-350.00,-1.96,17650,-210.00,-1.18,17510,17860
زدشت,كشت و صنعت دشت خرم دره,474,919741,25708176848,28507,27967,27937,-570.00,-2.00,28207,-300.00,-1.05,27937,28370
كاريس,صندوق س.سپهر كاريزما-س,465,5754872,60383609109,10651,10545,10470,-181.00,-1.70,10493,-158.00,-1.48,10437,10580
ضخود2006,اختيارخ خودرو-2500-1400/02/08,460,18702,4091258000,241,224,215,-26.00,-10.79,219,-22.00,-9.13,212,237
شپارس,بين‌ المللي‌ محصولات‌  پارس‌,457,1508671,29649459810,19700,19310,19830,130.00,0.66,19670,-30.00,-0.15,19310,20110
سحرخيز,صندوق س. گروه زعفران سحرخيز,454,1047805,9988516958,9579,9590,9499,-80.00,-0.84,9533,-46.00,-0.48,9424,9610
شنفت,نفت‌ پارس‌,449,734294,36796976800,50010,49990,51600,"1,590.00",3.18,50080,70.00,0.14,49010,52510
شكربن,كربن‌ ايران‌,446,523129,47670221030,92930,91080,91080,"-1,850.00",-1.99,91130,"-1,800.00",-1.94,91080,91860
اميد,تامين سرمايه اميد,444,3089942,25962164620,8550,8390,8380,-170.00,-1.99,8470,-80.00,-0.94,8380,8580
ولپارس,ليزينگ پارسيان,443,1499075,7555338000,5140,5040,5040,-100.00,-1.95,5120,-20.00,-0.39,5040,5040
پكرمان,گروه‌ صنعتي‌ بارز,437,967080,24729137390,25410,25000,25620,210.00,0.83,25490,80.00,0.31,25000,26000
وبشهر,توسعه‌ صنايع‌ بهشهر(هلدينگ,436,2315810,26339389800,11460,11240,11460,0,0,11410,-50.00,-0.44,11240,11500
كهمدا,شيشه‌ همدان‌,434,1412688,13853878630,9970,9800,9820,-150.00,-1.50,9920,-50.00,-0.50,9780,10040
فجر,فولاد اميركبيركاشان,430,758034,44999236750,60500,59290,59290,"-1,210.00",-2.00,59530,-970.00,-1.60,59290,60470
شاوان,پالايش نفت لاوان,425,621227,52713525022,85063,83362,85001,-62.00,-0.07,84865,-198.00,-0.23,83362,90166
پلاسك,پلاسكوكار,421,3585668,28790810050,8180,8090,8020,-160.00,-1.96,8090,-90.00,-1.10,8020,8190
كرماشا,صنايع پتروشيمي كرمانشاه,420,1036082,36569644020,35140,35100,35500,360.00,1.02,35250,110.00,0.31,34440,36000
كپرور,فرآوري زغال سنگ پروده طبس,419,571530,22335224850,39603,38811,38811,-792.00,-2.00,39366,-237.00,-0.60,38811,39800
افق,فروشگاههاي زنجيره اي افق كوروش,416,388294,27223895540,71360,71150,69940,"-1,420.00",-1.99,70960,-400.00,-0.56,69940,71150
تكنار,مجتمع معادن مس تكنار,412,394824,56042004686,137869,141700,142005,"4,136.00",3.00,141942,"4,073.00",2.95,139500,142005
آكورد,صندوق س. آرمان آتي كوثر-د,411,4033106,1.254E+11,31077,31098,31120,43.00,0.14,31093,16.00,0.05,31091,31120
دشيميح,ح . شيمي‌ داروئي‌ داروپخش‌,411,799638,15915979490,20700,20090,19890,-810.00,-3.91,19900,-800.00,-3.86,19880,20180
سپاها,سيمان‌سپاهان‌,406,2575303,22035648870,8710,8540,8550,-160.00,-1.84,8640,-70.00,-0.80,8540,8700
دتماد,توليدمواداوليه‌داروپخش‌,403,423857,18079467280,43290,42430,43400,110.00,0.25,43060,-230.00,-0.53,42430,43500
سيستم,همكاران سيستم,402,420166,10816009680,26030,25890,25680,-350.00,-1.34,25970,-60.00,-0.23,25510,26500
پيزد,مجتمع صنايع لاستيك يزد,399,51666,3365524520,66460,65132,65131,"-1,329.00",-2.00,66367,-93.00,-0.14,65131,65210
سشرق,سيمان‌ شرق‌,399,4114686,28474607130,7060,6920,6920,-140.00,-1.98,6980,-80.00,-1.13,6920,6960
شصفها,پتروشيمي‌ اصفهان‌,399,358522,49398808083,135241,134400,137945,"2,704.00",2.00,137785,"2,544.00",1.88,133192,137945
وسپه,سرمايه‌گذاري‌ سپه‌,397,4416880,29066367870,6710,6580,6580,-130.00,-1.94,6630,-80.00,-1.19,6580,6780
تسه9909,امتياز تسهيلات مسكن آذر99,389,4592,2659180980,555712,559000,583497,"27,785.00",5.00,579090,"23,378.00",4.21,559000,583497
بفجر,فجر انرژي خليج فارس,381,540448,12347990970,22650,22850,23080,430.00,1.90,22690,40.00,0.18,22270,23300
كمينا,شيشه سازي مينا,380,629163,15500205221,25086,25000,24585,-501.00,-2.00,24720,-366.00,-1.46,24585,25000
سخوز,سيمان خوزستان,380,1843816,40573328960,22400,22310,22170,-230.00,-1.03,22070,-330.00,-1.47,21960,22310
فسازان,غلتك سازان سپاهان,378,1076977,35584703700,33670,33000,33140,-530.00,-1.57,33210,-460.00,-1.37,33000,33450
بكهنوج,توليد برق ماهتاب كهنوج,377,6324966,11107595326,1791,1756,1756,-35.00,-1.95,1783,-8.00,-0.45,1756,1780
وخاور,بانك خاورميانه,376,2703415,24237178330,8970,8900,8970,0,0,8970,0,0,8820,9080
شرانل,نفت ايرانول,372,605649,22320811189,37429,36681,36681,-748.00,-2.00,37186,-243.00,-0.65,36681,37140
كيان2,صندوق س. با درآمد ثابت كيان,366,36600000,36600000,27483,1,1,"-27,482.00",-100.00,1,"-27,482.00",-100.00,1,1
خراسان,پتروشيمي خراسان,365,386368,26992771270,69600,70800,70200,600.00,0.86,69730,130.00,0.19,68650,70800
وتوشه,سرمايه‌ گذاري‌ پارس‌ توشه‌,357,579239,12859795420,22630,22250,22220,-410.00,-1.81,22520,-110.00,-0.49,22180,22740
سيدكو,سرمايه گذاري توسعه صنايع سيمان,356,2339557,14095348720,6140,6050,6050,-90.00,-1.47,6110,-30.00,-0.49,6020,6140
سرچشمه,سرمايه گذاري مس سرچشمه,355,1931667,12200365720,6435,6334,6307,-128.00,-1.99,6405,-30.00,-0.47,6307,6475
كاردان,صندوق س تجارت شاخصي كاردان,352,180522,27352860140,155810,151230,151020,"-4,790.00",-3.07,151520,"-4,290.00",-2.75,150060,153300
تيپيكو,سرمايه گذاري دارويي تامين,334,784788,31274943020,39990,40260,39860,-130.00,-0.33,39930,-60.00,-0.15,39440,40340
فيروزه,صندوق شاخص30 شركت فيروزه- سهام,330,166230,22326858910,135310,135500,132820,"-2,490.00",-1.84,134310,"-1,000.00",-0.74,131500,135500
البرز,بيمه البرز,328,3803070,13053075380,3500,3450,3430,-70.00,-2.00,3480,-20.00,-0.57,3430,3550
شراز,پالايش نفت شيراز,318,131841,14681233754,113345,111079,111079,"-2,266.00",-2.00,112810,-535.00,-0.47,111079,113580
شكبير,پتروشيمي اميركبير,314,707012,61992749874,87283,87870,87970,687.00,0.79,87536,253.00,0.29,85538,89901
زفكاح,ح . كشت و دامداري فكا,311,1707534,12992089056,7697,7591,7650,-47.00,-0.61,7609,-88.00,-1.14,7544,7698
شگلح,ح . گلتاش‌,304,1769297,11951533770,7030,6790,6750,-280.00,-3.98,6750,-280.00,-3.98,6750,6850
تماوند,تامين سرمايه دماوند,299,5026040,74842761640,14458,14891,14891,433.00,2.99,14891,433.00,2.99,14891,14891
حكشتي,كشتيراني جمهوري اسلامي ايران,295,599954,11549114500,19640,19250,19250,-390.00,-1.99,19600,-40.00,-0.20,19250,19250
شيراز,پتروشيمي‌شيراز,293,596584,30089207710,50870,51000,51870,"1,000.00",1.97,50740,-130.00,-0.26,49860,51880
سپاس,صندوق س. پاداش سهامداري توسعه1,290,9747204,97718470406,10021,10027,10025,4.00,0.04,10025,4.00,0.04,10025,10027
سكه9912پ04,سكه تمام بهارتحويل1روزه صادرات,288,187400,1.94917E+11,1028118,1032000,1030000,"1,882.00",0.18,1040113,"11,995.00",1.17,1030000,1042800
وصنعت,سرمايه گذاري توسعه صنعت وتجارت,286,1994164,13560315200,6930,6800,6800,-130.00,-1.88,6890,-40.00,-0.58,6800,6800
ثزاگرس,سرمايه گذاري توسعه عمران زاگرس,283,474186,29439393255,65351,62084,62084,"-3,267.00",-5.00,62084,"-3,267.00",-5.00,62084,62101
عيار,صندوق س. پشتوانه طلاي مفيد,282,252449,6636940985,26025,26190,26230,205.00,0.79,26290,265.00,1.02,26110,26500
پرديس,سرمايه گذاري پرديس,282,5993131,33110088550,5270,5250,5560,290.00,5.50,5460,190.00,3.61,5250,5560
وآرين,شركت توسعه اقتصادي آرين,281,2563499,9855868884,3922,3844,3844,-78.00,-1.99,3882,-40.00,-1.02,3844,3909
واعتبار,سرمايه گذاري اعتبار ايران,281,2836099,25333067520,9100,8930,8920,-180.00,-1.98,9020,-80.00,-0.88,8920,9100
سپيدار,سپيدار سيستم آسيا,280,520694,33750864386,66141,64819,64819,"-1,322.00",-2.00,65198,-943.00,-1.43,64819,64819
كحافظ,كاشي‌ وسراميك‌ حافظ‌,280,982649,11874580960,12320,12080,12080,-240.00,-1.95,12260,-60.00,-0.49,12080,12290
نهال,صندوق س. طلاي سرخ نوويرا,279,691775,6503028451,9445,9498,9403,-42.00,-0.44,9400,-45.00,-0.48,9304,9498
شكف,كف,276,207660,17448771506,84623,83999,85990,"1,367.00",1.62,84026,-597.00,-0.71,82932,86310
وتوس,توسعه‌شهري‌توس‌گستر,268,1433337,20368528510,14500,14210,14210,-290.00,-2.00,14380,-120.00,-0.83,14210,14370
واحيا,م .صنايع و معادن احياء سپاهان,267,370978,52439109372,144210,141326,141326,"-2,884.00",-2.00,141561,"-2,649.00",-1.84,141326,143980
دسبحان,سبحان دارو,259,577874,12480149220,21830,21830,21570,-260.00,-1.19,21770,-60.00,-0.27,21400,21950
وصندوق,سرمايه‌گذاري‌صندوق‌بازنشستگي‌,259,3264312,42451064480,13150,13200,13200,50.00,0.38,13100,-50.00,-0.38,12890,13200
ارمغان,ص سرمايه گذاري ارمغان ايرانيان,258,3606477,36158928099,10033,10029,10035,2.00,0.02,10026,-7.00,-0.07,10016,10035
اطلس,صندوق س.توسعه اندوخته آينده-س,257,81714,16735794866,207423,202030,205400,"-2,023.00",-0.98,204809,"-2,614.00",-1.26,202030,205789
وملي,گروه‌ صنعتي‌ ملي‌ (هلدينگ‌,253,172470,29747625600,175990,172480,172480,"-3,510.00",-1.99,173910,"-2,080.00",-1.18,172480,172480
كگهر,سنگ آهن گهرزمين,247,404641,18709492569,46137,46138,46137,0,0,46152,15.00,0.03,46000,46688
فلات,گروه صنايع معادن فلات ايرانيان,239,780790,10386508547,13565,13295,13294,-271.00,-2.00,13430,-135.00,-1.00,13294,13564
كفرآور,فرآورده هاي سيمان شرق,238,1106590,27436792460,25827,24794,24794,"-1,033.00",-4.00,24794,"-1,033.00",-4.00,24794,24794
قشرين,قند شيرين خراسان,231,4328212,69130202064,15507,15972,15972,465.00,3.00,15972,465.00,3.00,15972,15972
ساينا,صنايع بهداشتي ساينا,225,41208,6556266037,160142,162500,159000,"-1,142.00",-0.71,160006,-136.00,-0.08,157501,162500
ضپاس2002,اختيارخ وپارس-3000-1400/02/29,219,6852,1814951000,322,320,250,-72.00,-22.36,265,-57.00,-17.70,248,320
زشگزا,شير و گوشت زاگرس شهركرد,219,894702,6963048596,7911,7864,7753,-158.00,-2.00,7892,-19.00,-0.24,7753,7864
تسه9907,امتياز تسهيلات مسكن مهر99,217,2376,1377032317,554801,534466,582541,"27,740.00",5.00,579559,"24,758.00",4.46,534466,582541
دكيمي,كيميدارو,215,432037,10975642660,25860,25350,25360,-500.00,-1.93,25760,-100.00,-0.39,25350,25730
پتاير,ايران‌ تاير,212,9384079,40726902860,4420,4340,4340,-80.00,-1.81,4350,-70.00,-1.58,4340,4340
شساخت,مهندسي و ساختمان صنايع نفت,210,690502,25796130320,37863,37106,37106,-757.00,-2.00,37517,-346.00,-0.91,37106,38700
وتوسم,سرمايه‌گذاري‌توسعه‌ملي‌,205,1628790,16125021000,10100,9900,9900,-200.00,-1.98,10020,-80.00,-0.79,9900,9900
گوهران,سرمايه گذاري توسعه گوهران اميد,205,3289548,24118965936,7481,7332,7332,-149.00,-1.99,7405,-76.00,-1.02,7332,7332
شپاس,نفت پاسارگاد,200,1186294,24722696958,21078,20850,20700,-378.00,-1.79,20960,-118.00,-0.56,20657,21050
فردا,صندوق س آواي فرداي زاگرس-ثابت,199,6056648,62395654736,10296,10305,10305,9.00,0.09,10302,6.00,0.06,10301,10305
خريخت,صنايع‌ريخته‌گري‌ايران‌,198,3806792,12943092800,3460,3400,3400,-60.00,-1.73,3440,-20.00,-0.58,3400,3400
ضسپا3004,اختيارخ خساپا-2500-1400/03/26,197,9983,2013329000,231,224,194,-37.00,-16.02,202,-29.00,-12.55,192,224
بالاس,مهندسي ساختمان تاسيسات راه آهن,194,236370,13518945780,58361,57194,57194,"-1,167.00",-2.00,58036,-325.00,-0.56,57194,57194
شاروم,پتروشيمي اروميه,194,94305,1795944420,19432,19044,19044,-388.00,-2.00,19418,-14.00,-0.07,19044,19044
لبوتان,گروه‌صنعتي‌بوتان‌,192,219997,13491486470,62570,61320,61320,"-1,250.00",-2.00,62220,-350.00,-0.56,61320,62450
زر,صندوق س.پشتوانه سكه طلاي زر,187,368027,16771028658,45020,45798,45600,580.00,1.29,45570,550.00,1.22,45400,45801
سبزوا,سيمان لار سبزوار,180,1505798,5446471366,3690,3617,3617,-73.00,-1.98,3682,-8.00,-0.22,3617,3617
دكپسولح,ح .توليد ژلاتين كپسول ايران,179,205978,4644511631,22950,22502,22555,-395.00,-1.72,22549,-401.00,-1.75,22491,22858
خفولا,خدمات فني فولاد يزد,178,260493,12124125699,45188,46543,46543,"1,355.00",3.00,45944,756.00,1.67,46543,46543
پكوير,كوير تاير,177,1368612,18298342440,13640,13370,13370,-270.00,-1.98,13530,-110.00,-0.81,13370,13370
تسه9801,امتياز تسهيلات مسكن فروردين98,174,2843,1590254597,542811,540111,569951,"27,140.00",5.00,559358,"16,547.00",3.05,540111,569951
وبيمهح,ح . سرمايه‌ گذاري‌ صنعت‌ بيمه‌,170,5160918,5408615670,1080,1070,1040,-40.00,-3.70,1050,-30.00,-2.78,1040,1070
لسرما,سرما آفرين‌,170,580707,15345761640,26950,26420,26420,-530.00,-1.97,26780,-170.00,-0.63,26420,26890
شفارا,پتروشيمي فارابي,169,7328244,28706045786,3804,3918,3918,114.00,3.00,3917,113.00,2.97,3800,3918
انرژي3,سايراشخاص بورس انرژي,161,22691,5942772900,267240,261900,261900,"-5,340.00",-2.00,266740,-500.00,-0.19,261900,261900
سصوفي,سيمان‌ صوفيان‌,159,1247425,23963034250,19600,19210,19210,-390.00,-1.99,19400,-200.00,-1.02,19210,19210
افران,صندوق س افرا نماد پايدار-ثابت,158,953563,12248507952,12833,12847,12850,17.00,0.13,12845,12.00,0.09,12836,12850
گشان,توسعه بين المللي پديده شانديز,158,131609,4281109161,33192,32529,32529,-663.00,-2.00,33045,-147.00,-0.44,32529,32529
تسه9902,امتياز تسهيلات مسكن ارديبهشت99,156,2153,1246221473,557176,555000,585034,"27,858.00",5.00,578830,"21,654.00",3.89,555000,585034
دلر,داروسازي‌ اكسير,152,205315,7403178230,36780,36500,36050,-730.00,-1.98,36670,-110.00,-0.30,36050,36500
پارسيان,بيمه پارسيان,152,4710450,51673636500,11190,10970,10970,-220.00,-1.97,10970,-220.00,-1.97,10970,10970
دارا,صندوق س. دارا الگوريتم-د,152,3402327,34083794709,10020,10037,10012,-8.00,-0.08,10018,-2.00,-0.02,10011,10037
شپاكسا,پاكسان‌,150,910746,24119169820,25910,26890,26360,450.00,1.74,26200,290.00,1.12,26360,26890
كخاك,صنايع‌خاك‌چيني‌ايران‌,146,230695,9960914400,44050,43200,43250,-800.00,-1.82,43870,-180.00,-0.41,43170,44000
تسه9906,امتياز تسهيلات مسكن شهريور99,141,1310,759759004,559177,561100,587135,"27,958.00",5.00,579969,"20,792.00",3.72,542111,587135
چخزر,صنايع چوب خزر كاسپين,140,411667,23346870571,57870,56713,56713,"-1,157.00",-2.00,57307,-563.00,-0.97,56713,56713
رانفور,خدمات‌انفورماتيك‌,137,351051,8130341160,23630,23160,23160,-470.00,-1.99,23580,-50.00,-0.21,23160,23160
تسه9904,امتياز تسهيلات مسكن تير99,136,1552,902627317,561788,565000,589877,"28,089.00",5.00,581590,"19,802.00",3.52,555000,589877
زرين,صندوق س. سهام زرين كوروش-س,136,127181,1255852647,10081,9800,9820,-261.00,-2.59,9875,-206.00,-2.04,9787,9998
صايند,صندوق س. گنجينه آينده روشن-د,132,2732560,27200934960,9908,9905,9936,28.00,0.28,9954,46.00,0.46,9904,9969
خبازرس,بازرسي مهندسي و صنعتي ايران,132,123401,4388509763,36288,35563,35563,-725.00,-2.00,36128,-160.00,-0.44,35563,35563
تسه9802,امتياز تسهيلات مسكن ارديبهشت98,129,1470,848020937,559791,542010,587780,"27,989.00",5.00,576885,"17,094.00",3.05,542010,587780
نطرين,عطرين نخ قم,127,832460,9794724360,12006,11766,11766,-240.00,-2.00,11957,-49.00,-0.41,11766,11766
آساس,صندوق س.آسمان آرماني سهام-س,127,44638,7063564001,159424,158000,158000,"-1,424.00",-0.89,158241,"-1,183.00",-0.74,157830,159620
فروي,ذوب روي اصفهان,125,49309,3172738296,65657,64344,64344,"-1,313.00",-2.00,65570,-87.00,-0.13,64344,64344
سپ,پرداخت الكترونيك سامان كيش,121,293834,4926118680,17100,16760,16760,-340.00,-1.99,17070,-30.00,-0.18,16760,17080
چكارن,كارتن‌ ايران‌,118,1152332,4010115360,3550,3480,3480,-70.00,-1.97,3540,-10.00,-0.28,3480,3480
سغرب,سيمان‌غرب‌,118,345702,13230015540,39050,38270,38270,-780.00,-2.00,38830,-220.00,-0.56,38270,38270
اراد83,مرابحه عام دولت83-ش.خ041220,117,23000000,2.3E+13,1000000,1000000,1000000,0,0,1000000,0,0,1000000,1000000
قچار,فراوردههاي غذايي وقند چهارمحال,116,140464,13010056608,94512,92622,92622,"-1,890.00",-2.00,94005,-507.00,-0.54,92622,92622
آساميد,صندوق س.مشترك آسمان اميد -د,116,4418676,51518149532,11649,11654,11660,11.00,0.09,11659,10.00,0.09,11654,11661
خپارس,پارس‌ خودرو,115,267166,1501472920,5730,5620,5620,-110.00,-1.92,5730,0,0,5620,5620
آسيا,بيمه آسيا,115,1389899,3280161640,2400,2360,2360,-40.00,-1.67,2400,0,0,2360,2360
ارفعح,ح.شركت آهن و فولاد ارفع,115,15102956,1.82797E+11,12301,12400,12055,-246.00,-2.00,12103,-198.00,-1.61,12055,12400
تسه9905,امتياز تسهيلات مسكن مرداد99,115,1050,607698578,556228,550105,584039,"27,811.00",5.00,578761,"22,533.00",4.05,550105,584039
وپترو,سرمايه‌گذاري صنايع پتروشيمي‌,113,679588,9989943600,14990,14700,14700,-290.00,-1.93,14930,-60.00,-0.40,14700,14700
خكاوه,سايپا ديزل,111,3431883,11465921103,3409,3341,3341,-68.00,-1.99,3367,-42.00,-1.23,3341,3341
تسه9810,امتياز تسهيلات مسكن دي98,110,1611,927643361,557226,550000,585087,"27,861.00",5.00,575818,"18,592.00",3.34,550000,585087
فيروزا,صندوق بادرآمد ثابت فيروزه آسيا,110,152316,3370369560,22106,22100,22148,42.00,0.19,22127,21.00,0.09,22100,22200
تسه9803,امتياز تسهيلات مسكن خرداد98,108,1446,849273691,567836,550010,596227,"28,391.00",5.00,587326,"19,490.00",3.43,550010,596227
غپينو,پارس‌ مينو,103,533221,3417946610,6540,6410,6410,-130.00,-1.99,6530,-10.00,-0.15,6410,6410
اخزا908,اسنادخزانه-م8بودجه99-020606,103,301471,1.82298E+11,606551,600000,607997,"1,446.00",0.24,604695,"-1,856.00",-0.31,593000,607997
ونيكي,سرمايه‌گذاري‌ ملي‌ايران‌,102,213860,2354598600,11230,11010,11010,-220.00,-1.96,11220,-10.00,-0.09,11010,11010
كهرام,توليدي گرانيت بهسرام,102,125805,14013418950,108146,111390,111390,"3,244.00",3.00,110252,"2,106.00",1.95,111390,111390
زبينا,كشاورزي و دامپروري بينالود,102,812076,2877185268,3615,3543,3543,-72.00,-1.99,3611,-4.00,-0.11,3543,3543
فاما,صنعتي‌ آما,101,96711,1937121330,20430,20030,20030,-400.00,-1.96,20410,-20.00,-0.10,20030,20030
بورس,بورس اوراق بهادار تهران,99,494089,18721032210,38660,37890,37890,-770.00,-1.99,38420,-240.00,-0.62,37890,37890
وسرمد,بيمه  سرمد,98,1199713,7612037230,6473,6344,6345,-128.00,-1.98,6422,-51.00,-0.79,6344,6444
ماديرا,صنايع ماشين هاي اداري ايران,98,225873,2001686526,9042,8862,8862,-180.00,-1.99,9034,-8.00,-0.09,8862,8862
شستان,پتروشيمي گلستان,98,2789462,11846845114,4333,4247,4247,-86.00,-1.98,4247,-86.00,-1.98,4247,4247
فرابورس,فرابورس ايران,96,117066,3814244412,33246,32582,32582,-664.00,-2.00,33194,-52.00,-0.16,32582,32582
ضسپا3003,اختيارخ خساپا-2000-1400/03/26,95,4177,1660632000,418,381,390,-28.00,-6.70,398,-20.00,-4.78,381,420
حريل,ريل پردازسير,95,732533,4171775435,5811,5695,5695,-116.00,-2.00,5802,-9.00,-0.15,5695,5695
وپخش,داروپخش‌ (هلدينگ‌,94,37606,3829042920,103890,101820,101820,"-2,070.00",-1.99,103730,-160.00,-0.15,101820,101820
غصينو,صنعتي مينو,94,64841,4393107432,69134,67752,67752,"-1,382.00",-2.00,69071,-63.00,-0.09,67752,67752
ثتوسا,س.توسعه و عمران استان اردبيل,93,255685,10341691195,41272,40447,40447,-825.00,-2.00,40803,-469.00,-1.14,40447,40447
تسه9903,امتياز تسهيلات مسكن خرداد99,92,480,277494780,554609,542515,582339,"27,730.00",5.00,578114,"23,505.00",4.24,542515,582339
آبادا,توليد نيروي برق آبادان,91,129049,1925411080,15220,14920,14920,-300.00,-1.97,15210,-10.00,-0.07,14920,14920
ضخود2005,اختيارخ خودرو-2000-1400/02/08,91,3178,1668794000,589,530,527,-62.00,-10.53,525,-64.00,-10.87,515,550
تسه9901,امتياز تسهيلات مسكن فروردين99,91,610,355958344,561830,555588,583500,"21,670.00",3.86,583538,"21,708.00",3.86,555588,589921
آتيمس,صندوق س.آرمان آتيه درخشان مس-س,90,14757,2620003996,179235,177100,177000,"-2,235.00",-1.25,177543,"-1,692.00",-0.94,177000,179999
تسه9812,امتياز تسهيلات مسكن اسفند98,89,786,455185733,560192,550000,565000,"4,808.00",0.86,579117,"18,925.00",3.38,550000,588201
ثبهساز,بهساز كاشانه تهران,88,638814,1482048480,2360,2320,2320,-40.00,-1.69,2360,0,0,2320,2320
غزر,صنعتي زر ماكارون,87,90043,2335715420,26460,25940,25940,-520.00,-1.97,26440,-20.00,-0.08,25940,25940
تليسه,دامداري تليسه نمونه,87,304523,1341728338,4495,4406,4406,-89.00,-1.98,4493,-2.00,-0.04,4406,4406
بپاس,بيمه پاسارگاد,87,585090,40608756540,70822,69406,69406,"-1,416.00",-2.00,70205,-617.00,-0.87,69406,69406
دسبحا,گروه دارويي سبحان,85,341956,6330934670,18750,18740,18380,-370.00,-1.97,18720,-30.00,-0.16,18380,18740
خمحركه,نيرو محركه‌,85,425574,2042755200,4890,4800,4800,-90.00,-1.84,4890,0,0,4800,4800
سنوين,سرمايه گذاري اقتصاد نوين,84,1170292,11537180999,10055,9854,9854,-201.00,-2.00,9932,-123.00,-1.22,9854,10140
مارون,پتروشيمي مارون,84,33508,4964152859,149031,149000,148800,-231.00,-0.16,148987,-44.00,-0.03,148000,149000
وتوكا,سرمايه‌گذاري‌توكافولاد(هلدينگ,84,262198,2826494440,10990,10780,10780,-210.00,-1.91,10980,-10.00,-0.09,10780,10780
سكرد,سيمان كردستان,83,1408502,14493485580,10490,10290,10290,-200.00,-1.91,10430,-60.00,-0.57,10290,10290
ثشاهد,سرمايه‌ گذاري‌ شاهد,83,141005,2642433700,19120,18740,18740,-380.00,-1.99,19100,-20.00,-0.10,18740,18740
پخش,پخش البرز,83,448723,15183081707,34526,33836,33836,-690.00,-2.00,34310,-216.00,-0.63,33836,33997
دماوند,توليد نيروي برق دماوند,81,41784,1976550336,48269,47304,47304,-965.00,-2.00,48232,-37.00,-0.08,47304,47304
اخزا909,اسنادخزانه-م9بودجه99-020316,80,245719,1.55829E+11,634907,633000,637000,"2,093.00",0.33,634174,-733.00,-0.12,630000,637000
ضشنا2002,اختيارخ شپنا-12000-1400/02/27,79,1224,2107126000,1815,1660,1710,-105.00,-5.79,1722,-93.00,-5.12,1550,1799
لكما,كارخانجات‌مخابراتي‌ايران‌,77,282526,1734709640,6395,6140,6140,-255.00,-3.99,6372,-23.00,-0.36,6140,6140
صنوين,صندوق سرمايه‌گذاري صنوين-مختلط,76,7891,821048100,102890,105000,103500,610.00,0.59,104050,"1,160.00",1.13,102650,105000
ساروج,بين المللي ساروج بوشهر,76,344353,7073207756,20958,20539,20539,-419.00,-2.00,20798,-160.00,-0.76,20539,20969
افق ملت,صندوق س در سهام افق ملت,76,29229,3538219320,122920,121000,121100,"-1,820.00",-1.48,121050,"-1,870.00",-1.52,121000,121790
فوكا,فولاد كاويان,75,799210,9599311310,12256,12011,12011,-245.00,-2.00,12174,-82.00,-0.67,12011,12011
ختوقا,قطعات‌ اتومبيل‌ ايران‌,73,615212,1648768160,2730,2680,2680,-50.00,-1.83,2730,0,0,2680,2680
تسه9811,امتياز تسهيلات مسكن بهمن98,71,532,307042552,562504,534379,590629,"28,125.00",5.00,577148,"14,644.00",2.60,534379,590629
گوهر,صندوق سكه طلاي كيان,70,22179,1146099707,51003,51505,51688,685.00,1.34,51675,672.00,1.32,51505,51997
ضخود2013,اختيارخ خودرو-7000-1400/02/08,70,3500,26215000,10,11,8,-2.00,-20.00,7,-3.00,-30.00,7,11
بنيرو,نيروترانس‌,70,111941,1695906150,15450,15150,15150,-300.00,-1.94,15440,-10.00,-0.06,15150,15150
سمايه,بانك سرمايه,70,2782722,19604276490,7188,7045,7045,-143.00,-1.99,7045,-143.00,-1.99,7045,7045
اخزا901,اسنادخزانه-م1بودجه99-010621,70,32930,24550820816,743948,743940,745201,"1,253.00",0.17,745546,"1,598.00",0.21,743940,758000
خزاميا,زامياد,69,158533,1279361310,8230,8070,8070,-160.00,-1.94,8230,0,0,8070,8070
كگاز,شيشه‌ و گاز,69,133918,2434629240,18550,18180,18180,-370.00,-1.99,18530,-20.00,-0.11,18180,18180
ضجار2002,اختيارخ وتجارت-2500-1400/02/22,68,3699,1136672000,329,329,310,-19.00,-5.78,307,-22.00,-6.69,295,329
كالا,بورس كالاي ايران,67,145569,4956624450,34740,34050,34050,-690.00,-1.99,34670,-70.00,-0.20,34050,34050
بمپنا,توليد برق عسلويه  مپنا,67,36875,2767690000,76587,75056,75056,"-1,531.00",-2.00,76498,-89.00,-0.12,75056,75056
اخزا902,اسنادخزانه-م2بودجه99-011019,67,178202,1.24506E+11,696355,695157,699136,"2,781.00",0.40,698676,"2,321.00",0.33,684000,699700
دزهراوي,داروسازي‌زهراوي‌,63,131548,1032651800,8010,7850,7850,-160.00,-2.00,8010,0,0,7850,7850
اخزا910,اسنادخزانه-م10بودجه99-020807,61,94739,55580660313,586355,587003,587505,"1,150.00",0.20,586671,316.00,0.05,585000,587510
خاهن,آهنگري‌ تراكتورسازي‌ ايران‌,60,148177,5564046350,38310,37550,37550,-760.00,-1.98,38220,-90.00,-0.23,37550,37550
ضشنا2003,اختيارخ شپنا-14000-1400/02/27,60,2410,1906020000,825,760,766,-59.00,-7.15,791,-34.00,-4.12,760,800
اخزا903,اسنادخزانه-م3بودجه99-011110,59,290413,2.00643E+11,689401,689401,691743,"2,342.00",0.34,690888,"1,487.00",0.22,689104,692000
وساپا,سرمايه‌گذاري‌ سايپا,59,912883,5659874600,6320,6200,6200,-120.00,-1.90,6310,-10.00,-0.16,6200,6200
ضشنا2001,اختيارخ شپنا-10000-1400/02/27,59,574,1751418000,3152,2750,3090,-62.00,-1.97,3051,-101.00,-3.20,2750,3455
غديس,پاكديس,58,348056,4632973416,13582,13311,13311,-271.00,-2.00,13556,-26.00,-0.19,13311,13311
قجامح,ح.فرآورده غذايي وقندتربت‌جام,58,233989,1465941085,6392,6265,6265,-127.00,-1.99,6265,-127.00,-1.99,6265,6265
زملارد,كشاورزي و دامپروري ملارد شير,58,153202,5494130124,36593,35862,35862,-731.00,-2.00,36510,-83.00,-0.23,35862,35862
شجم,صنايع پتروشيمي تخت جمشيد,58,306929,2971379649,9878,9681,9681,-197.00,-1.99,9855,-23.00,-0.23,9681,9681
فسرب,ملي‌ سرب‌وروي‌ ايران‌,58,11773,962207290,83390,81730,81730,"-1,660.00",-1.99,83360,-30.00,-0.04,81730,81730
زگلدشت,كشت و دام گلدشت نمونه اصفهان,56,23422,1022159502,44531,43641,43641,-890.00,-2.00,44512,-19.00,-0.04,43641,43641
ضفلا3004,اختيارخ فولاد-12000-1400/03/19,55,1319,2328906000,1966,1849,1889,-77.00,-3.92,1766,-200.00,-10.17,1730,1980
خفناور,مهندسي صنعتي روان فن آور,55,454947,23543507250,52806,51750,51750,"-1,056.00",-2.00,51750,"-1,056.00",-2.00,51750,51750
سكه0112پ03,سكه تمام بهارتحويلي1روزه سامان,54,12800,13322911600,1029323,1039000,1035000,"5,677.00",0.55,1040852,"11,529.00",1.12,1035000,1046995
اخزا808,اسنادخزانه-م8بودجه98-000817,54,50082,44095695957,880404,879995,880300,-104.00,-0.01,880470,66.00,0.01,879995,880500
تسه9809,امتياز تسهيلات مسكن آذر98,53,315,182751976,562576,534888,590704,"28,128.00",5.00,580165,"17,589.00",3.13,534888,590704
ملت,بيمه ملت,53,508472,8415211600,16880,16550,16550,-330.00,-1.95,16820,-60.00,-0.36,16550,16550
شرنگي,شيميايي رنگين,53,14208,3108127872,212388,218759,218759,"6,371.00",3.00,213320,932.00,0.44,218759,218759
قصفها,قنداصفهان‌,52,5998,957340780,162860,159610,159610,"-3,250.00",-2.00,162800,-60.00,-0.04,159610,159610
كوثر,بيمه كوثر,51,105452,1524097756,14747,14453,14453,-294.00,-1.99,14738,-9.00,-0.06,14453,14453
چدن,توليدي چدن سازان,51,78564,1919318520,24920,24430,24430,-490.00,-1.97,24900,-20.00,-0.08,24430,24430
تسه9806,امتياز تسهيلات مسكن شهريور98,51,569,327934723,557642,530000,585524,"27,882.00",5.00,576335,"18,693.00",3.35,530000,585524
بخاور,بيمه زندگي خاورميانه,51,342855,2378042280,7077,6936,6936,-141.00,-1.99,7070,-7.00,-0.10,6936,6936
تبرك,گروه كارخانجات صنعتي تبرك,51,71950,1200989400,17032,16692,16692,-340.00,-2.00,17024,-8.00,-0.05,16692,16692
ضخود2008,اختيارخ خودرو-3500-1400/02/08,51,2109,109617000,55,44,48,-7.00,-12.73,52,-3.00,-5.45,44,55
تاپكيش,تجارت الكترونيك پارسيان كيش,50,540934,10235553148,19308,18922,18922,-386.00,-2.00,19220,-88.00,-0.46,18922,18922
گنجين,صندوق س. گنجينه يكم آويد-د,50,157234,1947637530,12381,12390,12388,7.00,0.06,12387,6.00,0.05,12384,12390
كفپارس,فرآورده‌هاي‌ نسوز پارس‌,50,190163,886159580,4750,4660,4660,-90.00,-1.89,4750,0,0,4660,4660
تسه9808,امتياز تسهيلات مسكن آبان98,50,429,245732564,553170,525559,580828,"27,658.00",5.00,572803,"19,633.00",3.55,525559,580828
كارين,صندوق س نگين سامان-ثابت,50,1308051,13233222998,10110,10118,10118,8.00,0.08,10117,7.00,0.07,10115,10118
تكنو,تكنوتار,49,213655,4879880200,23300,22840,22840,-460.00,-1.97,23250,-50.00,-0.21,22840,22840
ضملت3001,اختيارخ وبملت-3500-1400/03/19,49,801,543395000,623,580,671,48.00,7.70,678,55.00,8.83,580,780
اتكام,شركت بيمه اتكايي امين,48,173505,848443662,4989,4890,4890,-99.00,-1.98,4987,-2.00,-0.04,4890,4891
سكه0011پ02,سكه تمام بهارتحويلي 1روزه ملت,48,7400,7698771900,1028866,1027666,1033000,"4,134.00",0.40,1040375,"11,509.00",1.12,1027666,1044000
ورنا,سرمايه‌گذاري‌ رنا(هلدينگ‌,48,280028,1565356520,5700,5590,5590,-110.00,-1.93,5700,0,0,5590,5590
فزرين,زرين معدن آسيا,48,50603,1382878784,27885,27328,27328,-557.00,-2.00,27869,-16.00,-0.06,27328,27328
فاذر,صنايع‌ آذرآب‌,47,79189,1915581910,24680,24190,24190,-490.00,-1.99,24660,-20.00,-0.08,24190,24190
ثفارس,عمران‌وتوسعه‌فارس‌,47,312984,3145489200,10250,10050,10050,-200.00,-1.95,10240,-10.00,-0.10,10050,10050
زپارس,ملي كشت و صنعت و دامپروري پارس,47,26906,4517248340,171310,167890,167890,"-3,420.00",-2.00,170990,-320.00,-0.19,167890,167890
حكشتيح,ح . كشتيراني ج. ا. ا,47,222808,3587846430,16700,16600,16040,-660.00,-3.95,16100,-600.00,-3.59,16040,16600
شكلر,نيروكلر,47,43353,2207534760,51950,50920,50920,"-1,030.00",-1.98,51900,-50.00,-0.10,50920,50920
سقاين,سيمان‌ قائن‌,46,209312,15775845440,76900,75370,75370,"-1,530.00",-1.99,76400,-500.00,-0.65,75370,75370
وكار,بانك‌ كارآفرين‌,46,486986,1183375980,2470,2430,2430,-40.00,-1.62,2470,0,0,2430,2430
ولساپا,ليزينگ رايان‌ سايپا,46,577022,2071508980,3660,3590,3590,-70.00,-1.91,3660,0,0,3590,3590
كبافق,معادن‌ بافق‌,45,13163,701982790,54410,53330,53330,"-1,080.00",-1.98,54390,-20.00,-0.04,53330,53330
كسعدي,كاشي‌ سعدي‌,45,308043,6601361490,21860,21430,21430,-430.00,-1.97,21800,-60.00,-0.27,21430,21430
اوصتا,صندوق انديشه ورزان صباتامين -د,45,584501,10551963358,18050,18060,18052,2.00,0.01,18053,3.00,0.02,18052,18060
ثنور,سرمايه گذاري كوه نور,44,121875,1168781250,9989,9590,9590,-399.00,-3.99,9964,-25.00,-0.25,9590,9590
فالوم,آلومتك‌,44,52316,2072812236,40429,39621,39621,-808.00,-2.00,40345,-84.00,-0.21,39621,39621
خاور,ايران خودرو ديزل,43,322983,1894295295,5984,5865,5865,-119.00,-1.99,5972,-12.00,-0.20,5865,5865
سرود,سيمان‌شاهرود,43,421063,8286519840,20080,19680,19680,-400.00,-1.99,20010,-70.00,-0.35,19680,19680
ما,بيمه  ما,43,305772,2305720880,7690,7550,7540,-150.00,-1.95,7680,-10.00,-0.13,7540,7550
تسه9807,امتياز تسهيلات مسكن مهر98,43,503,286493895,553660,545000,581343,"27,683.00",5.00,569570,"15,910.00",2.87,545000,581343
خاتم,صندوق س خاتم ايساتيس پويا-ثابت,41,494100,5271887470,10663,10669,10672,9.00,0.08,10670,7.00,0.07,10668,10672
زماهان,مجتمع توليد گوشت مرغ ماهان,41,217345,4443618525,20862,20445,20445,-417.00,-2.00,20824,-38.00,-0.18,20445,20445
دانا,بيمه دانا,41,321179,2122993190,6740,6610,6610,-130.00,-1.93,6730,-10.00,-0.15,6610,6610
تسه9804,امتياز تسهيلات مسكن تير98,40,556,333621761,580522,609548,609548,"29,026.00",5.00,600039,"19,517.00",3.36,575555,609548
سشمال,سيمان‌ شمال‌,40,205283,2492135620,12380,12140,12140,-240.00,-1.94,12370,-10.00,-0.08,12140,12140
ريشمك,توليد و صادرات ريشمك,40,44655,2325766365,53145,52083,52083,"-1,062.00",-2.00,53093,-52.00,-0.10,52083,52083
دفرا,فرآورده‌هاي‌ تزريقي‌ ايران‌,40,82239,2122588590,26330,25810,25810,-520.00,-1.97,26310,-20.00,-0.08,25810,25810
سخند,صندوق س.سپهرخبرگان نفت-د,39,964370,9668081070,10024,10025,10030,6.00,0.06,10025,1.00,0.01,10025,10030
فنورد,نوردوقطعات‌ فولادي‌,37,2937,568808790,197620,193670,193670,"-3,950.00",-2.00,197570,-50.00,-0.03,193670,193670
زنجان,صنايع كشاورزي وكود زنجان,37,46718,424526466,9465,9087,9087,-378.00,-3.99,9457,-8.00,-0.08,9087,9087
گدنا,تهيه توزيع غذاي دنا آفرين فدك,37,24720,828663840,34206,33522,33522,-684.00,-2.00,34194,-12.00,-0.04,33522,33522
رتكو,كنترل‌خوردگي‌تكين‌كو,37,801733,15048528410,19150,18770,18770,-380.00,-1.98,19030,-120.00,-0.63,18770,18770
اخزا815,اسنادخزانه-م15بودجه98-010406,37,49988,38736126962,772289,772400,775001,"2,712.00",0.35,774908,"2,619.00",0.34,772400,776400
غويتا,ويتانا,36,60400,1088287200,18385,18018,18018,-367.00,-2.00,18377,-8.00,-0.04,18018,18018
سخاش,سيمان‌خاش‌,36,25592,3974437600,158460,155300,155300,"-3,160.00",-1.99,158190,-270.00,-0.17,155300,155300
سمتاز,سيمان ممتازان كرمان,36,159338,3077772808,18754,19316,19316,562.00,3.00,18835,81.00,0.43,19316,19316
ثروتم,صندوق س. ثروت آفرين پارسيان-س,36,32610,2410344750,74575,74400,73500,"-1,075.00",-1.44,73914,-661.00,-0.89,73100,74400
دمعيار,صندوق س. توازن معيار-د,35,1114877,11246385374,10088,10090,10088,0,0,10088,0,0,10083,10094
لپارس,پارس‌ الكتريك‌,35,43177,4126425890,97520,95570,95570,"-1,950.00",-2.00,97350,-170.00,-0.17,95570,95570
ثرود,سرمايه‌گذاري مسكن زاينده رود,34,125533,2204610546,17920,17562,17562,-358.00,-2.00,17904,-16.00,-0.09,17562,17562
فروس,فروسيليس‌ ايران‌,34,158501,752879750,4840,4750,4750,-90.00,-1.86,4840,0,0,4750,4750
كماسه,تامين‌ ماسه‌ ريخته‌گري‌,34,18072,789023520,44550,43660,43660,-890.00,-2.00,44540,-10.00,-0.02,43660,43660
اخزا818,اسنادخزانه-م18بودجه98-010614,34,39536,29605447650,748867,745272,748101,-766.00,-0.10,748823,-44.00,-0.01,745272,751000
اخزا713,اسنادخزانه-م13بودجه97-000518,33,43842,40452963470,922020,922500,923832,"1,812.00",0.20,922699,679.00,0.07,922000,923920
وبيمه,سرمايه‌ گذاري‌ صنعت‌ بيمه‌,33,119789,339002870,2880,2830,2830,-50.00,-1.74,2880,0,0,2830,2830
ضپاس2001,اختيارخ وپارس-2500-1400/02/29,33,1109,671493000,615,665,600,-15.00,-2.44,605,-10.00,-1.63,600,690
قثابت,قند ثابت‌ خراسان‌,33,12140,826369800,69450,68070,68070,"-1,380.00",-1.99,69430,-20.00,-0.03,68070,68070
تكمبا,كمباين‌ سازي‌ ايران‌,33,375763,2855798800,7750,7600,7600,-150.00,-1.94,7740,-10.00,-0.13,7600,7600
نمرينو,ايران‌ مرينوس‌,32,10263,868865580,86380,84660,84660,"-1,720.00",-1.99,86350,-30.00,-0.03,84660,84660
كساپا,سايپاشيشه‌,32,88536,3430770000,39540,38750,38750,-790.00,-2.00,39480,-60.00,-0.15,38750,38750
خديزل,بهمن  ديزل,32,514461,20871682770,41397,40570,40570,-827.00,-2.00,41034,-363.00,-0.88,40570,40570
وبهمن,سرمايه‌گذاري‌بهمن‌,32,912273,14742331680,16480,16160,16160,-320.00,-1.94,16380,-100.00,-0.61,16160,16160
غبهنوش,بهنوش‌ ايران‌,32,16067,1163893480,73910,72440,72440,"-1,470.00",-1.99,73870,-40.00,-0.05,72440,72440
اخزا721,اسنادخزانه-م21بودجه97-000728,32,95908,85148891512,888112,888113,888000,-112.00,-0.01,887818,-294.00,-0.03,886106,889002
دامين,داروسازي‌ امين‌,31,93839,1285594300,13970,13700,13700,-270.00,-1.93,13960,-10.00,-0.07,13700,13700
حفارس,حمل و نقل بين المللي خليج فارس,31,236084,1121399000,4840,4750,4750,-90.00,-1.86,4840,0,0,4750,4750
الماس,صندوق س.امين تدبيرگران فردا-س,31,5094,552111582,109073,109755,108900,-173.00,-0.16,108385,-688.00,-0.63,108200,109755
دلقما,دارويي‌ لقمان‌,30,32993,804039410,24860,24370,24370,-490.00,-1.97,24850,-10.00,-0.04,24370,24370
وپويا,سرمايه گذاري پويا,30,28011,184508457,6721,6587,6587,-134.00,-1.99,6720,-1.00,-0.01,6587,6587
دشيمي,شيمي‌ داروئي‌ داروپخش‌,30,504948,15703882800,31730,31100,31100,-630.00,-1.99,31530,-200.00,-0.63,31100,31100
اخزا817,اسنادخزانه-م17بودجه98-010512,30,29171,22231978660,771165,765000,761000,"-10,165.00",-1.32,762126,"-9,039.00",-1.17,761000,766100
آكورد2,صندوق س. آرمان آتي كوثر-د,30,3000000,3000000,31077,1,1,"-31,076.00",-100.00,1,"-31,076.00",-100.00,1,1
اخزا811,اسنادخزانه-م11بودجه98-001013,29,109521,93591056963,854195,853239,853261,-934.00,-0.11,854549,354.00,0.04,853239,854999
كمنگنز,معادن‌منگنزايران‌,29,10909,946137570,88490,86730,86730,"-1,760.00",-1.99,88460,-30.00,-0.03,86730,86730
فلوله,لوله‌وماشين‌سازي‌ايران‌,29,35187,726259680,21060,20640,20640,-420.00,-1.99,21050,-10.00,-0.05,20640,20640
سپر,صندوق س سپر سرمايه بيدار- ثابت,29,212090,2409555896,11359,11361,11361,2.00,0.02,11361,2.00,0.02,11361,11363
دسينا,داروسازي‌ سينا,28,524763,13691066670,26620,26090,26090,-530.00,-1.99,26470,-150.00,-0.56,26090,26090
وتوصا,گروه س توسعه صنعتي ايران,28,28614,344512560,12280,12040,12040,-240.00,-1.95,12280,0,0,12040,12040
وسخوز,شركت س استان خوزستان,28,1214435,1165857600,970,960,960,-10.00,-1.03,970,0,0,960,960
اخزا805,اسنادخزانه-م5بودجه98-000422,28,135560,1.26884E+11,935802,936000,939999,"4,197.00",0.45,936002,200.00,0.02,936000,939999
شگل,گلتاش‌,28,64819,679951310,10700,10490,10490,-210.00,-1.96,10700,0,0,10490,10490
غاذر,كشت‌وصنعت‌پياذر,27,25418,1403073600,56320,55200,55200,"-1,120.00",-1.99,56290,-30.00,-0.05,55200,55200
شپلي,پلي اكريل ايران,27,64076,657035304,10463,10254,10254,-209.00,-2.00,10454,-9.00,-0.09,10254,10254
تسه9805,امتياز تسهيلات مسكن مرداد98,27,131,76224467,565823,594114,594114,"28,291.00",5.00,581866,"16,043.00",2.84,560000,594114
خمهر,مهركام‌پارس‌,27,113465,280258550,2520,2470,2470,-50.00,-1.98,2520,0,0,2470,2470
دالبر,البرزدارو,27,57792,851854080,15040,14740,14740,-300.00,-1.99,15030,-10.00,-0.07,14740,14740
بزاگرس,نيروگاه زاگرس كوثر,26,238310,1697958750,7270,7125,7125,-145.00,-1.99,7265,-5.00,-0.07,7125,7125
شدوص,دوده‌ صنعتي‌ پارس‌,26,505124,14699108400,29690,29100,29100,-590.00,-1.99,29510,-180.00,-0.61,29100,29100
ضصاد3001,اختيارخ وبصادر-2000-1400/03/12,25,1345,678217000,480,460,510,30.00,6.25,504,24.00,5.00,460,530
خفنر,فنرسازي‌خاور,25,154224,1344833280,8890,8720,8720,-170.00,-1.91,8890,0,0,8720,8720
غالبر,لبنيات‌ كالبر,25,30854,540562080,17870,17520,17520,-350.00,-1.96,17870,0,0,17520,17520
ثشرق,سرمايه گذاري مسكن شمال شرق,25,196812,1346194080,6970,6840,6840,-130.00,-1.87,6970,0,0,6840,6840
فرآور,فرآوري‌موادمعدني‌ايران‌,25,22663,818360930,36840,36110,36110,-730.00,-1.98,36830,-10.00,-0.03,36110,36110
ضملت3000,اختيارخ وبملت-3000-1400/03/19,25,271,277975000,947,900,1100,153.00,16.16,1026,79.00,8.34,900,1150
اخزا718,اسنادخزانه-م18بودجه97-000525,25,106454,97925577467,920706,921000,921000,294.00,0.03,919886,-820.00,-0.09,916176,921000
ولبهمن,شركت بهمن ليزينگ,24,1112872,9333657464,8558,8387,8387,-171.00,-2.00,8525,-33.00,-0.39,8387,8387
آپ,آسان پرداخت پرشين,24,19309,345051830,18230,17870,17870,-360.00,-1.97,18230,0,0,17870,17870
اخزا821,اسنادخزانه-م21بودجه98-020906,24,12150,7075916578,581589,585499,584998,"3,409.00",0.59,582380,791.00,0.14,581306,585499
ولملت,واسپاري ملت,24,190801,1547396110,8270,8110,8110,-160.00,-1.93,8260,-10.00,-0.12,8110,8110
خنصير,مهندسي‌نصيرماشين‌,24,17675,1909253500,110220,108020,108020,"-2,200.00",-2.00,110130,-90.00,-0.08,108020,108020
ساروم,سيمان‌اروميه‌,24,65828,2759509760,42770,41920,41920,-850.00,-1.99,42720,-50.00,-0.12,41920,41920
شفا,سرمايه گذاري شفادارو,24,47594,2164099180,46390,45470,45470,-920.00,-1.98,46350,-40.00,-0.09,45470,45470
قاسم,قاسم ايران,23,27476,369524724,13723,13449,13449,-274.00,-2.00,13721,-2.00,-0.01,13449,13449
ساربيل,سيمان آرتا اردبيل,23,148394,8847250280,60830,59620,59620,"-1,210.00",-1.99,60600,-230.00,-0.38,59620,59620
زشريف,كشت وصنعت شريف آباد,23,35823,180583743,5143,5041,5041,-102.00,-1.98,5143,0,0,5041,5041
دتوليد,داروسازي توليد دارو,23,19406,529706176,27853,27296,27296,-557.00,-2.00,27847,-6.00,-0.02,27296,27296
كسرا,سراميك‌هاي‌صنعتي‌اردكان‌,23,70679,1525959610,22030,21590,21590,-440.00,-2.00,22020,-10.00,-0.05,21590,21590
وثوق,سرمايه گذاري وثوق امين,23,121617,2750246838,23075,22614,22614,-461.00,-2.00,23007,-68.00,-0.29,22614,22614
ديران,ايران‌دارو,23,26102,734771300,28720,28150,28150,-570.00,-1.98,28710,-10.00,-0.03,28150,28150
ددام,داروسازي زاگرس فارمد پارس,22,601707,13327810050,22600,22150,22150,-450.00,-1.99,22470,-130.00,-0.58,22150,22150
ومعلم,بيمه معلم,22,108534,510326868,4797,4702,4702,-95.00,-1.98,4796,-1.00,-0.02,4702,4702
پدرخش,درخشان‌ تهران‌,22,9612,1217552040,129250,126670,126670,"-2,580.00",-2.00,129190,-60.00,-0.05,126670,126670
سيمرغ,سيمرغ,22,34380,549392400,16300,15980,15980,-320.00,-1.96,16300,0,0,15980,15980
ساوه,سيمان ساوه,21,30178,1821091410,61576,60345,60345,"-1,231.00",-2.00,61530,-46.00,-0.07,60345,60345
كساوه,صنايع‌ كاشي‌ و سراميك‌ سينا,21,6989,502229540,73320,71860,71860,"-1,460.00",-1.99,73300,-20.00,-0.03,71860,71860
سدور,سيمان‌ دورود,21,137574,2646923760,19630,19240,19240,-390.00,-1.99,19610,-20.00,-0.10,19240,19240
زكوثر,سرمايه گذاري كشاورزي كوثر,21,34001,729661460,21890,21460,21460,-430.00,-1.96,21880,-10.00,-0.05,21460,21460
سصفها,سيمان‌اصفهان‌,21,4322,544312680,128510,125940,125940,"-2,570.00",-2.00,128480,-30.00,-0.02,125940,125940
كلر,كلر پارس,21,52176,6691885056,130873,128256,128256,"-2,617.00",-2.00,130510,-363.00,-0.28,128256,128256
اخزا905,اسنادخزانه-م5بودجه99-020218,20,107536,69922117252,646896,645100,650000,"3,104.00",0.48,650221,"3,325.00",0.51,645100,653000
وثخوز,سرمايه گذاري و توسعه خوزستان,20,4102,279165712,71637,68056,68056,"-3,581.00",-5.00,71581,-56.00,-0.08,68056,68056
ودي,بيمه  دي,20,26441,609650137,23527,23057,23057,-470.00,-2.00,23521,-6.00,-0.03,23057,23057
ختراك,ريخته‌گري‌ تراكتورسازي‌ ايران‌,20,103007,1699615500,16830,16500,16500,-330.00,-1.96,16820,-10.00,-0.06,16500,16500
كتوكا,توليدي و خدمات صنايع نسوز توكا,20,8817,339895350,39336,38550,38550,-786.00,-2.00,39331,-5.00,-0.01,38550,38550
دتوزيع,توزيع دارو پخش,20,188427,8776929660,47530,46580,46580,-950.00,-2.00,47357,-173.00,-0.36,46580,46580
تكشا,گسترش‌صنايع‌وخدمات‌كشاورزي‌,20,11833,549761180,47400,46460,46460,-940.00,-1.98,47390,-10.00,-0.02,46460,46460
لابسا,آبسال‌,19,175025,8544720500,49810,48820,48820,-990.00,-1.99,49640,-170.00,-0.34,48820,48820
دبالك,مواد اوليه دارويي البرز بالك,19,46055,977655540,21661,21228,21228,-433.00,-2.00,21652,-9.00,-0.04,21228,21228
غگرجي,بيسكويت‌  گرجي‌,19,33373,622072720,19020,18640,18640,-380.00,-2.00,19020,0,0,18640,18640
ضخود2010,اختيارخ خودرو-4500-1400/02/08,19,638,9924000,18,17,14,-4.00,-22.22,16,-2.00,-11.11,14,17
زكشت,كشاورزي مكانيزه اصفهان كشت,19,156752,6232302768,40570,39759,39759,-811.00,-2.00,40467,-103.00,-0.25,39759,39759
غمينو,شركت صنايع غذايي مينو شرق,19,221025,2642132850,12197,11954,11954,-243.00,-1.99,12184,-13.00,-0.11,11954,11954
ضپاس2003,اختيارخ وپارس-3500-1400/02/29,18,192,38280000,213,230,190,-23.00,-10.80,199,-14.00,-6.57,178,300
كسرام,پارس‌ سرام‌,18,222222,1837775940,8430,8270,8270,-160.00,-1.90,8420,-10.00,-0.12,8270,8270
غچين,كشت‌ و صنعت‌ چين‌ چين,18,102373,2058721030,20520,20110,20110,-410.00,-2.00,20500,-20.00,-0.10,20110,20110
بكاب,صنايع‌جوشكاب‌يزد,18,2467,876747130,362640,355390,355390,"-7,250.00",-2.00,362510,-130.00,-0.04,355390,355390
كيميا,معدني كيمياي زنجان گستران,17,67747,1240515317,18684,18311,18311,-373.00,-2.00,18674,-10.00,-0.05,18311,18311
وپسا,س. پتروشيمي ساختمان  خليج فارس,17,195734,571347546,3040,2919,2919,-121.00,-3.98,3033,-7.00,-0.23,2919,2919
قهكمت,قندهكمتان‌,17,9853,447621790,46350,45430,45430,-920.00,-1.98,46340,-10.00,-0.02,45430,45430
هجرت,پخش هجرت,17,6559,182930510,28459,27890,27890,-569.00,-2.00,28457,-2.00,-0.01,27890,27890
سفانو,سيمان فارس نو,17,7645,317726200,42400,41560,41560,-840.00,-1.98,42390,-10.00,-0.02,41560,41560
زمگسا,كشاورزي‌ ودامپروي‌ مگسال‌,17,10654,342313020,32780,32130,32130,-650.00,-1.98,32780,0,0,32130,32130
ضخود2009,اختيارخ خودرو-4000-1400/02/08,16,766,19565000,30,27,25,-5.00,-16.67,26,-4.00,-13.33,25,30
اخزا904,اسنادخزانه-م4بودجه99-011215,16,27191,18344091295,677221,695736,675300,"-1,921.00",-0.28,674638,"-2,583.00",-0.38,672700,695736
سبهان,سيمان‌ بهبهان‌,16,2736,389442240,145240,142340,142340,"-2,900.00",-2.00,145220,-20.00,-0.01,142340,142340
زعف0008پ10,زعفران0008نگين طلاي سرخ(پ),16,7315,863714304,116898,118999,118200,"1,302.00",1.11,118074,"1,176.00",1.01,117800,118999
بسويچ,پارس‌سويچ‌,16,22297,1155876480,52890,51840,51840,"-1,050.00",-1.99,52870,-20.00,-0.04,51840,51840
دسانكو,داروسازي سبحان انكولوژي,16,10525,158022350,15320,15014,15014,-306.00,-2.00,15319,-1.00,-0.01,15014,15014
اخزا907,اسنادخزانه-م7بودجه99-020704,16,80217,48130200600,599829,600000,600000,171.00,0.03,600000,171.00,0.03,600000,600001
جهرم,پتروشيمي جهرم,15,111795,211627935,1931,1893,1893,-38.00,-1.97,1931,0,0,1893,1893
اخزا816,اسنادخزانه-م16بودجه98-010503,15,43210,33060038062,776259,765632,765780,"-10,479.00",-1.35,765102,"-11,157.00",-1.44,764000,766440
خموتور,موتورسازان‌تراكتورسازي‌ايران‌,15,60851,903028840,15140,14840,14840,-300.00,-1.98,15130,-10.00,-0.07,14840,14840
فنفت,صنايع تجهيزات نفت,15,25436,843152528,33824,33148,33148,-676.00,-2.00,33795,-29.00,-0.09,33148,33148
اخزا813,اسنادخزانه-م13بودجه98-010219,15,6111,4872520244,799909,799909,797206,"-2,703.00",-0.34,797336,"-2,573.00",-0.32,797100,799909
كلوند,كاشي‌ الوند,15,121807,5597031650,46880,45950,45950,-930.00,-1.98,46770,-110.00,-0.23,45950,45950
قشكر,شكرشاهرود,15,38269,146952960,3910,3840,3840,-70.00,-1.79,3910,0,0,3840,3840
ضشنا2000,اختيارخ شپنا-9000-1400/02/27,15,53,205010000,4059,4288,3821,-238.00,-5.86,3868,-191.00,-4.71,3810,4480
اعتلا,شركت سرمايه گذاري اعتلاء البرز,15,46504,385518160,8459,8290,8290,-169.00,-2.00,8458,-1.00,-0.01,8290,8290
اخزا820,اسنادخزانه-م20بودجه98-020806,15,27834,16458626842,591315,589000,591315,0,0,591314,-1.00,0,589000,592500
اخزا809,اسنادخزانه-م9بودجه98-000923,14,5049,4370399036,865104,864300,865002,-102.00,-0.01,865597,493.00,0.06,864300,877999
وايران,ليزينگ ايرانيان,14,66768,829258560,12670,12420,12420,-250.00,-1.97,12670,0,0,12420,12420
نگين,ص.س. زمين و ساختمان نگين شهرري,14,5389,261190340,47600,47550,47680,80.00,0.17,48470,870.00,1.83,47550,48950
كوير,توليدي فولاد سپيد فراب كوير,14,15943,355210040,22730,22280,22280,-450.00,-1.98,22730,0,0,22280,22280
شسينا,صنايع‌شيميايي‌سينا,14,2222,298459040,137060,134320,134320,"-2,740.00",-2.00,137040,-20.00,-0.01,134320,134320
غشان,شيرپاستوريزه‌پگاه‌خراسان‌,14,21488,167176640,7930,7780,7780,-150.00,-1.89,7930,0,0,7780,7780
كاسپين,داروسازي كاسپين تامين,14,151882,3725817342,25031,24531,24531,-500.00,-2.00,24993,-38.00,-0.15,24531,24531
زنگان,صنعت روي زنگان,14,2792,288843568,105565,103454,103454,"-2,111.00",-2.00,105553,-12.00,-0.01,103454,103454
دابور,داروسازي‌ ابوريحان‌,14,72069,2838797910,40190,39390,39390,-800.00,-1.99,40140,-50.00,-0.12,39390,39390
غشصفا,شيرپاستوريزه‌پگاه‌اصفهان‌,14,4313,120505220,28510,27940,27940,-570.00,-2.00,28510,0,0,27940,27940
دپارس,پارس‌ دارو,14,23896,2009175680,85790,84080,84080,"-1,710.00",-1.99,85720,-70.00,-0.08,84080,84080
داريك,صندوق س.اعتماد داريك-د,13,7464,77122144,10328,10340,10331,3.00,0.03,10333,5.00,0.05,10330,10340
اخزا814,اسنادخزانه-م14بودجه98-010318,13,12889,10131169088,788213,784000,786500,"-1,713.00",-0.22,786032,"-2,181.00",-0.28,784000,788250
ثامان,سامان‌ گستراصفهان‌,13,31778,719136140,23090,22630,22630,-460.00,-1.99,23080,-10.00,-0.04,22630,22630
لخانه,لوازم‌ خانگي‌ پارس‌,13,120340,3577226840,30332,29726,29726,-606.00,-2.00,30228,-104.00,-0.34,29726,29726
غمارگ,مارگارين‌,13,6832,218692320,32660,32010,32010,-650.00,-1.99,32660,0,0,32010,32010
غشوكو,شوكو پارس,13,3825,147086550,40056,38454,38454,"-1,602.00",-4.00,40044,-12.00,-0.03,38454,38454
خرينگ,رينگ‌سازي‌مشهد,13,22980,1038696000,46120,45200,45200,-920.00,-1.99,46100,-20.00,-0.04,45200,45200
ختور,رادياتور ايران‌,13,13477,314957490,23840,23370,23370,-470.00,-1.97,23840,0,0,23370,23370
تملي704,تسهيلات مسكن ب. ملي-تير97,13,147,93376572,617904,587009,648799,"30,895.00",5.00,635215,"17,311.00",2.80,587009,648799
كفرا,فراورده‌ هاي‌ نسوزايران‌,13,14561,680289920,47670,46720,46720,-950.00,-1.99,47660,-10.00,-0.02,46720,46720
حآسا,آسيا سير ارس,13,9914,448786952,46191,45268,45268,-923.00,-2.00,46183,-8.00,-0.02,45268,45268
خاذين,سايپاآذين‌,13,33919,159758490,4800,4710,4710,-90.00,-1.88,4800,0,0,4710,4710
آسام,صندوق س.آرمان سپهر آشنا-م,13,3170,320569900,102368,101010,100720,"-1,648.00",-1.61,101126,"-1,242.00",-1.21,100700,102300
درهآور,دارويي ره آورد تامين,13,30900,1622898900,53592,52521,52521,"-1,071.00",-2.00,53556,-36.00,-0.07,52521,52521
سنير,سيمان‌ سفيد ني‌ريز,13,11852,2932895920,252510,247460,247460,"-5,050.00",-2.00,252200,-310.00,-0.12,247460,247460
خلنت,لنت‌ ترمزايران‌,12,2736,251712000,93870,92000,92000,"-1,870.00",-1.99,93860,-10.00,-0.01,92000,92000
بهپاك,صنعتي بهپاك,12,2350,106513750,46250,45325,45325,-925.00,-2.00,46248,-2.00,0,45325,45325
شاملا,معدني‌ املاح‌  ايران‌,12,3894,200346300,52490,51450,51450,"-1,040.00",-1.98,52490,0,0,51450,51450
تصميم2,صندوق س با درآمد ثابت تصميم,12,12000000,12000000,15825,1,1,"-15,824.00",-99.99,1,"-15,824.00",-99.99,1,1
وآذر,سرمايه‌گذاري‌توسعه‌آذربايجان‌,12,2843,240290360,86240,84520,84520,"-1,720.00",-1.99,86230,-10.00,-0.01,84520,84520
سفاسي,شركت فارسيت اهواز,12,21594,300221382,14482,13903,13903,-579.00,-4.00,14473,-9.00,-0.06,13903,13903
وسنا,سرمايه گذاري نيروگاهي ايران,12,40315,606337600,15346,15040,15040,-306.00,-1.99,15337,-9.00,-0.06,15040,15040
خزر,فنرسازي‌زر,12,3029,141999520,47830,46880,46880,-950.00,-1.99,47830,0,0,46880,46880
ثنوسا,نوسازي‌وساختمان‌تهران‌,12,12872,167850880,13300,13040,13040,-260.00,-1.95,13300,0,0,13040,13040
واتي,سرمايه‌ گذاري‌ آتيه‌ دماوند,12,233315,2792780550,12210,11970,11970,-240.00,-1.97,12200,-10.00,-0.08,11970,11970
فبيرا,بسته‌ بندي‌ ايران‌,12,188666,581845944,3146,3084,3084,-62.00,-1.97,3144,-2.00,-0.06,3084,3084
لخزر,پارس‌ خزر,12,748,137646960,187770,184020,184020,"-3,750.00",-2.00,187760,-10.00,-0.01,184020,184020
غگلستا,شير پاستوريزه پگاه گلستان,12,41425,1184175050,29169,28586,28586,-583.00,-2.00,29155,-14.00,-0.05,28586,28586
فپنتا,سپنتا,12,2797,1130631310,412470,404230,404230,"-8,240.00",-2.00,412280,-190.00,-0.05,404230,404230
مداران,داده‌پردازي‌ايران‌,11,25569,652265190,26030,25510,25510,-520.00,-2.00,26020,-10.00,-0.04,25510,25510
قپيرا,فرآورده‌هاي‌غدايي‌وقندپيرانشهر,11,10355,1062423000,104690,102600,102600,"-2,090.00",-2.00,104640,-50.00,-0.05,102600,102600
دشيري,شيرين دارو,11,25340,5501668760,221544,217114,217114,"-4,430.00",-2.00,220279,"-1,265.00",-0.57,217114,217114
گپارس,امور رفاهي كارگزاران پارس,11,3801,763221795,209161,200795,200795,"-8,366.00",-4.00,208828,-333.00,-0.16,200795,200795
واحصا,احياء صنايع خراسان,11,1637,117205926,73059,71598,71598,"-1,461.00",-2.00,73050,-9.00,-0.01,71598,71598
اخزا804,اسنادخزانه-م4بودجه98-000421,11,9572,8969350362,937730,937900,937002,-728.00,-0.08,937040,-690.00,-0.07,937000,937900
اراد55,مرابحه عام دولت5-ش.خ 0209,11,11400,10930000000,960000,950000,960000,0,0,958772,"-1,228.00",-0.13,950000,960000
ميهن,بيمه ميهن,11,29740,143763160,4932,4834,4834,-98.00,-1.99,4932,0,0,4834,4834
بذر,صندوق س بذر اميد آفرين-سهام,11,1436,137267790,96600,95800,95550,"-1,050.00",-1.09,95590,"-1,010.00",-1.05,95550,95800
دروز,داروسازي‌ روزدارو,11,76655,2097280800,27910,27360,27360,-550.00,-1.97,27890,-20.00,-0.07,27360,27360
اخزا722,اسنادخزانه-م22بودجه97-000428,11,93101,86829830268,932124,932765,933001,877.00,0.09,932641,517.00,0.06,932504,933900
فخاس,فولاد خراسان,11,13509,404459460,30550,29940,29940,-610.00,-2.00,30550,0,0,29940,29940
وملت,سرمايه گذاري ملت,11,131195,565844035,4492,4313,4313,-179.00,-3.98,4481,-11.00,-0.24,4313,4313
زفكا,كشت و دامداري فكا,11,10154,132428468,13308,13042,13042,-266.00,-2.00,13307,-1.00,-0.01,13042,13042
آ س پ,آ.س.پ,11,116819,1881136357,16431,16103,16103,-328.00,-2.00,16418,-13.00,-0.08,16103,16103
غنيلي,مجتمع توليدي نيلي صنعت كرمان,11,550000,9349950000,17300,17000,17000,-300.00,-1.73,17000,-300.00,-1.73,16999,17000
ضملي3003,اختيارخ فملي-12000-1400/03/02,11,232,382284000,1756,1648,1600,-156.00,-8.88,1648,-108.00,-6.15,1600,1650
سيلام,سيمان‌ ايلام‌,11,74225,852845250,11720,11490,11490,-230.00,-1.96,11720,0,0,11490,11490
داوه,داروسازي آوه سينا,10,13776,273398496,20251,19846,19846,-405.00,-2.00,20249,-2.00,-0.01,19846,19846
غدشت,دشت‌ مرغاب‌,10,772,220267040,291140,285320,285320,"-5,820.00",-2.00,291110,-30.00,-0.01,285320,285320
قمرو,قند مرودشت‌,10,7345,266476600,37020,36280,36280,-740.00,-2.00,37020,0,0,36280,36280
وتعاون,بيمه  تعاون,10,11824,71629792,6181,6058,6058,-123.00,-1.99,6181,0,0,6058,6058
كترام,توليدي‌ كاشي‌ تكسرام‌,10,4111,197369110,48980,48010,48010,-970.00,-1.98,48980,0,0,48010,48010
بنو,بيمه تجارت نو,10,6031,209577250,35459,34750,34750,-709.00,-2.00,35456,-3.00,-0.01,34750,34750
كاذر,فرآورده‌هاي‌نسوزآذر,10,15182,503435120,33830,33160,33160,-670.00,-1.98,33820,-10.00,-0.03,33160,33160
كمرجان,بازرگاني و توليدي مرجان كار,10,604,87054520,147071,144130,144130,"-2,941.00",-2.00,147066,-5.00,0,144130,144130
غپآذر,شير پگاه آذربايجان شرقي,10,2167,140378260,66102,64780,64780,"-1,322.00",-2.00,66098,-4.00,-0.01,64780,64780
آگاس2,صندوق س.هستي بخش آگاه-س,10,1300000,1300000,65007,1,1,"-65,006.00",-100.00,1,"-65,006.00",-100.00,1,1
غشاذر,پگاه‌آذربايجان‌غربي‌,10,17762,174067600,10000,9800,9800,-200.00,-2.00,10000,0,0,9800,9800
كي بي سي,شركت كي بي سي,10,5837,160721795,28096,27535,27535,-561.00,-2.00,28094,-2.00,-0.01,27535,27535
زقيام,كشت و دام قيام اصفهان,10,4377,131121789,30568,29957,29957,-611.00,-2.00,30566,-2.00,-0.01,29957,29957
قشير,قند شيروان قوچان و بجنورد,9,8508,216179772,25927,25409,25409,-518.00,-2.00,25925,-2.00,-0.01,25409,25409
غبهار,كشت وصنعت بهاران گلبهار خراسان,9,2994,101041512,34436,33748,33748,-688.00,-2.00,34432,-4.00,-0.01,33748,33748
خكار,ايركا پارت صنعت,9,3914,84503260,22030,21590,21590,-440.00,-2.00,22030,0,0,21590,21590
وجامي,سرمايه گذاري جامي,9,21474,334736712,15906,15588,15588,-318.00,-2.00,15901,-5.00,-0.03,15588,15588
شتولي,تولي‌پرس‌,9,3395,119161105,35815,35099,35099,-716.00,-2.00,35806,-9.00,-0.03,35099,35099
اپرداز,آتيه داده پرداز,9,6028,124725348,21113,20691,20691,-422.00,-2.00,21112,-1.00,0,20691,20691
وكادو,تكادو,9,7358,151052382,20947,20529,20529,-418.00,-2.00,20944,-3.00,-0.01,20529,20529
بايكا,كارخانجات كابلسازي ‌ايران‌,9,7516,315243588,42798,41943,41943,-855.00,-2.00,42784,-14.00,-0.03,41943,41943
حتوكا,حمل‌ونقل‌توكا,9,3961,120018300,30910,30300,30300,-610.00,-1.97,30910,0,0,30300,30300
غپونه,نوش پونه مشهد,9,4230,89747910,21649,21217,21217,-432.00,-2.00,21647,-2.00,-0.01,21217,21217
تپمپي,پمپ‌ سازي‌ ايران‌,9,10576,204328320,19710,19320,19320,-390.00,-1.98,19710,0,0,19320,19320
اراد50,مرابحه عام دولت5-ش.خ0302,9,215000,2.15E+11,1000000,1000001,1000000,0,0,1000000,0,0,1000000,1000001
توريل,توکاريل,9,8745,221965590,25899,25382,25382,-517.00,-2.00,25897,-2.00,-0.01,25382,25382
سحرا021,سلف موازي برق نيروي برق حرارتي,9,1800000,5.03676E+11,283496,279820,279820,"-3,676.00",-1.30,279820,"-3,676.00",-1.30,279820,279820
شتوكا,توكا رنگ فولاد سپاهان,9,8483,452109968,54383,53296,53296,"-1,087.00",-2.00,54373,-10.00,-0.02,53296,53296
مفاخر,توسعه فناوري اطلاعات خوارزمي,9,30827,2032146667,67266,65921,65921,"-1,345.00",-2.00,67210,-56.00,-0.08,65921,65921
داسوه,داروسازي‌ اسوه‌,9,11911,437491030,37470,36730,36730,-740.00,-1.97,37460,-10.00,-0.03,36730,36730
غشهد,شهد ايران ‌,9,28153,211992090,7680,7530,7530,-150.00,-1.95,7680,0,0,7530,7530
اخزا716,اسنادخزانه-م16بودجه97-000407,9,375,354050894,943028,945000,944500,"1,472.00",0.16,944136,"1,108.00",0.12,944000,945000
فولاي,صنايع فولاد آلياژي يزد,8,7841,397405403,51717,50683,50683,"-1,034.00",-2.00,51709,-8.00,-0.02,50683,50683
ثعمرا,عمران و توسعه شاهد,8,15943,204995094,13120,12858,12858,-262.00,-2.00,13119,-1.00,-0.01,12858,12858
اخزا806,اسنادخزانه-م6بودجه98-000519,8,6212,5726470392,921935,922001,921031,-904.00,-0.10,921840,-95.00,-0.01,921031,924000
دكپسول,توليد ژلاتين كپسول ايران,8,4389,133719663,31088,30467,30467,-621.00,-2.00,31086,-2.00,-0.01,30467,30467
كيسون,شركت كيسون,8,7465,107742345,14727,14433,14433,-294.00,-2.00,14726,-1.00,-0.01,14433,14433
خشرق,الكتريك‌ خودرو شرق‌,8,55101,892085190,16520,16190,16190,-330.00,-2.00,16510,-10.00,-0.06,16190,16190
سبجنو,سيمان‌ بجنورد,8,25800,1522200000,60200,59000,59000,"-1,200.00",-1.99,60160,-40.00,-0.07,59000,59000
دارو,كارخانجات‌داروپخش‌,8,5693,183143810,32820,32170,32170,-650.00,-1.98,32820,0,0,32170,32170
طلا2,صندوق س.پشتوانه طلاي لوتوس,8,800000,800000,74745,1,1,"-74,744.00",-100.00,1,"-74,744.00",-100.00,1,1
تشتاد,صنايع توليدي اشتاد ايران‌,7,28331,428563037,15757,15127,15127,-630.00,-4.00,15743,-14.00,-0.09,15127,15127
شپاس ت.ف0011,اختيارف.تبعي شپاس001128,7,700000,1386000000,1,1980,1980,"1,979.00","197,900.00",1980,"1,979.00","197,900.00",1980,1980
سلار,شركت سيمان لارستان,7,10381,600312468,60237,57828,57828,"-2,409.00",-4.00,60162,-75.00,-0.12,57828,57828
اراد60,مرابحه عام دولتي6-ش.خ0210,7,21100,19950190000,946000,940000,947000,"1,000.00",0.11,945507,-493.00,-0.05,940000,947000
حسير,ريل سير كوثر,7,3568,60912896,17420,17072,17072,-348.00,-2.00,17420,0,0,17072,17072
درازك,دارويي‌ رازك‌,7,1602,55188900,35150,34450,34450,-700.00,-1.99,35150,0,0,34450,34450
اخزا807,اسنادخزانه-م7بودجه98-000719,7,1607,1437800156,892438,892438,893790,"1,352.00",0.15,894711,"2,273.00",0.25,892000,898000
خپويش,سازه‌ پويش‌,7,28926,1719939960,60670,59460,59460,"-1,210.00",-1.99,60630,-40.00,-0.07,59460,59460
فسا,پتروشيمي فسا,7,27851,50410310,1846,1810,1810,-36.00,-1.95,1846,0,0,1810,1810
لپيام,گسترش صنايع پيام,7,1323,71860068,55424,54316,54316,"-1,108.00",-2.00,55420,-4.00,-0.01,54316,54316
كاسپينح,ح .داروسازي كاسپين تامين,7,5269,107627025,20671,21100,20258,-413.00,-2.00,20426,-245.00,-1.19,20258,21100
ضچاد2001,اختيارخ كچاد-14000-1400/02/05,7,12,78667000,5333,6852,6150,817.00,15.32,6556,"1,223.00",22.93,6150,6852
ضسپا3000,اختيارخ خساپا-1400-1400/03/26,7,125,102389000,847,890,794,-53.00,-6.26,819,-28.00,-3.31,794,890
سفار,سيمان‌فارس‌,7,7809,1188529800,155300,152200,152200,"-3,100.00",-2.00,155220,-80.00,-0.05,152200,152200
كشرق,صنعتي و معدني شمال شرق شاهرود,7,11972,1122027812,95633,93721,93721,"-1,912.00",-2.00,95589,-44.00,-0.05,93721,93721
ثنظام,س. ساختماني نظام مهندسي ايران,7,5477,257950269,48058,47097,47097,-961.00,-2.00,48045,-13.00,-0.03,47097,47097
دجابر,داروسازي‌ جابرابن‌حيان‌,7,30292,602810800,20300,19900,19900,-400.00,-1.97,20300,0,0,19900,19900
حخزر,كشتيراني درياي خزر,7,2449,70560588,29399,28812,28812,-587.00,-2.00,29398,-1.00,0,28812,28812
وآوا,سرمايه گذاري آوا نوين,7,8390,73295040,8914,8736,8736,-178.00,-2.00,8914,0,0,8736,8736
چافست,افست‌,6,7582,123586600,16630,16300,16300,-330.00,-1.98,16630,0,0,16300,16300
فلامي,لاميران‌,6,4757,210735100,45200,44300,44300,-900.00,-1.99,45200,0,0,44300,44300
خچرخش,چرخشگر,6,8924,161792120,18500,18130,18130,-370.00,-2.00,18500,0,0,18130,18130
فجام,جام‌دارو,6,35091,357928200,10400,10200,10200,-200.00,-1.92,10400,0,0,10200,10200
صايند2,صندوق س. گنجينه آينده روشن-د,6,2400000,2400000,9908,1,1,"-9,907.00",-99.99,1,"-9,907.00",-99.99,1,1
ضخود2011,اختيارخ خودرو-5000-1400/02/08,6,186,2428000,14,14,13,-1.00,-7.14,13,-1.00,-7.14,13,14
زعف0008پ05,زعفران0008نگين زرين(پ),6,4843,560513600,115824,115200,117000,"1,176.00",1.02,115737,-87.00,-0.08,115200,117000
وسناح,ح. سرمايه گذاري نيروگاهي ايران,6,5406,74873100,10411,13850,13850,"3,439.00",33.03,13850,"3,439.00",33.03,13850,13850
غمهرا,توليدي‌مهرام‌,6,1181,142074300,122750,120300,120300,"-2,450.00",-2.00,122740,-10.00,-0.01,120300,120300
خعمرا,توسعه و عمران شهرستان نائين,6,32033,742428841,22502,23177,23177,675.00,3.00,22526,24.00,0.11,23177,23177
ثنام,س ساختماني ب نام آوران مهندسي,6,3569,58567290,16744,16410,16410,-334.00,-1.99,16743,-1.00,-0.01,16410,16410
زعف0008پ11,زعفران0008نگين سحرخيز(پ),6,1035,121843720,116032,121704,117500,"1,468.00",1.27,117723,"1,691.00",1.46,117500,121704
نهال2,صندوق س. طلاي سرخ نوويرا,6,600000,600000,9445,1,1,"-9,444.00",-99.99,1,"-9,444.00",-99.99,1,1
زعف0008پ12,زعفران0008پوشالمعمول سحرخيز(پ),6,873,71586000,80513,82000,82000,"1,487.00",1.85,82000,"1,487.00",1.85,82000,82000
سخواف,سيمان مجد خواف,6,2871,48499803,17237,16893,16893,-344.00,-2.00,17236,-1.00,-0.01,16893,16893
تابا,تابان نيرو سپاهان,6,2917,158757725,56692,54425,54425,"-2,267.00",-4.00,56673,-19.00,-0.03,54425,54425
وسرضوي,س.سهام عدالت استان خراسان رضوي,6,50030,50530300,1030,1010,1010,-20.00,-1.94,1030,0,0,1010,1010
پلاست,كارخانجات توليدي پلاستيران,6,1511,107102702,72328,70882,70882,"-1,446.00",-2.00,72320,-8.00,-0.01,70882,70882
شسم,توليد سموم‌ علف‌ كش,6,2361,214433103,89043,90823,90823,"1,780.00",2.00,89080,37.00,0.04,90823,90823
ثاباد,توريستي ورفاهي آبادگران ايران,6,5178,279974460,55170,54070,54070,"-1,100.00",-1.99,55160,-10.00,-0.02,54070,54070
دقاضي,داروسازي شهيد قاضي,6,101153,4380430665,44188,43305,43305,-883.00,-2.00,43986,-202.00,-0.46,43305,43305
ضترا3003,اختيارخ شتران-9000-1400/03/09,5,58,56600000,999,900,1000,1.00,0.10,976,-23.00,-2.30,900,1000
پاسا,ايران‌ياساتايرورابر,5,1477,38978030,26920,26390,26390,-530.00,-1.97,26920,0,0,26390,26390
پرداخت,به پرداخت ملت,5,1684,59832520,36250,35530,35530,-720.00,-1.99,36250,0,0,35530,35530
ضخود2012,اختيارخ خودرو-6000-1400/02/08,5,145,1635000,13,13,11,-2.00,-15.38,11,-2.00,-15.38,11,13
دفارا,داروسازي‌ فارابي‌,5,43628,2892972680,67660,66310,66310,"-1,350.00",-2.00,67580,-80.00,-0.12,66310,66310
قلرست,قند لرستان‌,5,30475,1077900750,36090,35370,35370,-720.00,-2.00,36070,-20.00,-0.06,35370,35370
پارتا,مجتمع‌صنعتي‌آرتاويل‌تاير,5,689,39097994,57904,56746,56746,"-1,158.00",-2.00,57902,-2.00,0,56746,56746
بشهاب,لامپ‌  پارس‌ شهاب‌,5,917,134899870,150110,147110,147110,"-3,000.00",-2.00,150100,-10.00,-0.01,147110,147110
اوان,مبين وان كيش,5,21264,1146724992,55028,53928,53928,"-1,100.00",-2.00,55002,-26.00,-0.05,53928,53928
ولصنم,ليزينگ‌صنعت‌ومعدن‌,5,55763,610047220,11160,10940,10940,-220.00,-1.97,11160,0,0,10940,10940
گواهي ظرفيت,گواهي ظرفيت نقدي,5,33906000,3.60726E+11,10639,10639,10639,0,0,10639,0,0,10639,10639
فمراد,آلومراد,5,493,71213850,147390,144450,144450,"-2,940.00",-1.99,147390,0,0,144450,144450
حپارسا,توسعه حمل و نقل ريلي پارسيان,5,2314,80140762,35339,34633,34633,-706.00,-2.00,35338,-1.00,0,34633,34633
اخزا812,اسنادخزانه-م12بودجه98-001111,5,2673,2253354915,844783,842781,843300,"-1,483.00",-0.18,843006,"-1,777.00",-0.21,842781,843300
وشمال,س. چشم انداز توسعه شمال,5,1245,108305040,88767,86992,86992,"-1,775.00",-2.00,88757,-10.00,-0.01,86992,86992
كشم0006پ02,كشمش تيزابي0006تاكستان(پ),5,1075,246166975,228980,228849,229000,20.00,0.01,228993,13.00,0.01,228849,229000
گكيش,توريستي ورفاهي آبادگران كيش,5,500,26012500,53086,52025,52025,"-1,061.00",-2.00,53085,-1.00,0,52025,52025
خوساز,محورسازان‌ايران‌خودرو,5,5516,43576400,8060,7900,7900,-160.00,-1.99,8060,0,0,7900,7900
سهرمز,سيمان‌هرمزگان‌,5,2623,64420880,25060,24560,24560,-500.00,-2.00,25060,0,0,24560,24560
دكوثر,داروسازي‌ كوثر,5,10298,211726880,20970,20560,20560,-410.00,-1.96,20970,0,0,20560,20560
كصدف,كاشي صدف سرام استقلال آباده,4,100646,2529837856,25648,25136,25136,-512.00,-2.00,25582,-66.00,-0.26,25136,25136
اخزا723,اسنادخزانه-م23بودجه97-000824,4,477,417410942,878353,879000,875002,"-3,351.00",-0.38,875075,"-3,278.00",-0.37,875002,879000
ضترا3002,اختيارخ شتران-8000-1400/03/09,4,39,67663000,1626,1690,1777,151.00,9.29,1735,109.00,6.70,1690,1777
ضغدر3003,اختيارخ وغدير-10000-1400/03/26,4,34,96600000,2822,2700,2900,78.00,2.76,2841,19.00,0.67,2700,2900
كطبس,ذغال‌سنگ‌ نگين‌ ط‌بس‌,4,2567,209159160,83140,81480,81480,"-1,660.00",-2.00,83130,-10.00,-0.01,81480,81480
زير0003پ02,زيره سبز0003 دانش(پ),4,134,63736000,438847,474000,480000,"41,153.00",9.38,475642,"36,795.00",8.38,474000,480000
ضصاد3005,اختيارخ وبصادر-4000-1400/03/12,4,83,2410000,33,22,30,-3.00,-9.09,29,-4.00,-12.12,22,30
ضصاد3003,اختيارخ وبصادر-3000-1400/03/12,4,14,2052000,197,150,144,-53.00,-26.90,147,-50.00,-25.38,144,150
اراد454,مرابحه عام دولت4-ش.خ 0107,4,9368000,8.8856E+12,998000,959177,945100,"-52,900.00",-5.30,948506,"-49,494.00",-4.96,945100,959177
آينده,بازرگاني آينده سازان بهشت پارس,4,18040,355081320,20084,19683,19683,-401.00,-2.00,20077,-7.00,-0.03,19683,19683
ضجار2005,اختيارخ وتجارت-4000-1400/02/22,4,63,3352000,66,55,54,-12.00,-18.18,53,-13.00,-19.70,50,55
ضسپا3002,اختيارخ خساپا-1800-1400/03/26,4,48,26528000,574,550,549,-25.00,-4.36,553,-21.00,-3.66,549,555
ضفار3000,اختيارخ فارس-8000-1400/03/05,4,71,107149000,1496,1400,1550,54.00,3.61,1509,13.00,0.87,1400,1600
صمسكن912,ص دين مسكن جنوب-ماهانه16درصد,4,1420,69996060,48945,49293,49293,348.00,0.71,49293,348.00,0.71,49293,49293
تملي707,تسهيلات مسكن ب. ملي-مهر97,4,22,12195666,534899,534899,561642,"26,743.00",5.00,554348,"19,449.00",3.64,534899,561642
حبندر,دريايي و کشتيراني خط دريابندر,4,8293,291656517,35886,35169,35169,-717.00,-2.00,35875,-11.00,-0.03,35169,35169
كقزوي,شيشه‌ قزوين‌,4,4521,45630453,10298,10093,10093,-205.00,-1.99,10298,0,0,10093,10093
سخزر,سيمان‌ خزر,4,30665,928536200,30890,30280,30280,-610.00,-1.97,30880,-10.00,-0.03,30280,30280
شزنگ,تجهيزنيروي‌زنگان‌,3,686,158500986,235766,231051,231051,"-4,715.00",-2.00,235728,-38.00,-0.02,231051,231051
اخزا810,اسنادخزانه-م10بودجه98-001006,3,4648,3980212306,855196,857000,856306,"1,110.00",0.13,856328,"1,132.00",0.13,856306,857000
زر2,صندوق س.پشتوانه سكه طلاي زر,3,300000,300000,45020,1,1,"-45,019.00",-100.00,1,"-45,019.00",-100.00,1,1
ضجار2000,اختيارخ وتجارت-1800-1400/02/22,3,6,5334000,799,889,889,90.00,11.26,889,90.00,11.26,889,889
ضپنا2001,اختيارخ رمپنا-12000-1400/02/12,3,15,78000000,6792,5600,5000,"-1,792.00",-26.38,5200,"-1,592.00",-23.44,5000,5600
ضملي3004,اختيارخ فملي-14000-1400/03/02,3,201,131689000,707,689,670,-37.00,-5.23,655,-52.00,-7.36,640,689
اراد47,مرابحه عام دولت4-ش.خ 0008,3,9000,8880000000,980000,960000,1000000,"20,000.00",2.04,986667,"6,667.00",0.68,960000,1000000
ثپرديس,سرمايه گذاري مسكن پرديس,3,2005,20174310,10267,10062,10062,-205.00,-2.00,10267,0,0,10062,10062
كمند2,صندوق س. با درآمد ثابت كمند,3,200000000,200000000,10023,1,1,"-10,022.00",-99.99,1,"-10,022.00",-99.99,1,1
سكارون,سيمان كارون,3,1059,185042247,178298,174733,174733,"-3,565.00",-2.00,178264,-34.00,-0.02,174733,174733
حپترو,حمل و نقل پتروشيمي( سهامي عام,3,3170,168897600,54360,53280,53280,"-1,080.00",-1.99,54360,0,0,53280,53280
وسصفا,شركت س استان اصفهان,3,43000,45150000,1070,1050,1050,-20.00,-1.87,1070,0,0,1050,1050
زير0003پ04,زيره سبز0003شركت مينوبذر(پ),3,150,71100000,470000,472000,475000,"5,000.00",1.06,474000,"4,000.00",0.85,472000,475000
ثغرب,شركت سرمايه گذاري مسكن شمالغرب,3,3022,23734788,8014,7854,7854,-160.00,-2.00,8014,0,0,7854,7854
اخزا906,اسنادخزانه-م6بودجه99-020321,3,600,398980900,641029,664960,664970,"23,941.00",3.73,664968,"23,939.00",3.73,664960,664970
ومعادن2,توسعه‌معادن‌وفلزات‌,3,38900000,4.5513E+11,11700,11700,11700,0,0,11700,0,0,11700,11700
غدام,خوراك‌  دام‌ پارس‌,3,90,35478900,402250,394210,394210,"-8,040.00",-2.00,402240,-10.00,0,394210,394210
تملي712,تسهيلات مسكن ب. ملي-اسفند97,3,50,28005000,533429,560100,560100,"26,671.00",5.00,560100,"26,671.00",5.00,560100,560100
شستا994,اجاره تامين اجتماعي-نوين991226,3,13,13130000,1000000,1010000,1010000,"10,000.00",1.00,1010000,"10,000.00",1.00,1010000,1010000
آبين,كشت و صنعت آبشيرين,3,3417,14344566,4283,4198,4198,-85.00,-1.98,4283,0,0,4198,4198
اراد474,مرابحه عام دولت4-ش.خ 0008,3,11544000,1.13626E+13,980000,993587,978800,"-1,200.00",-0.12,984285,"4,285.00",0.44,978405,993587
ضشنا2010,اختيارخ شپنا-8000-1400/02/27,3,30,138000000,4900,4900,4000,-900.00,-18.37,4600,-300.00,-6.12,4000,4900
ختراكح,ح . ريخته‌گري‌ تراكتورسازي‌,3,42301,530877550,12550,12550,12550,0,0,12550,0,0,12550,12550
تملي802,تسهيلات مسكن ب. ملي-ارديبهشت98,3,53,44464191,883102,838947,838947,"-44,155.00",-5.00,838947,"-44,155.00",-5.00,838947,838947
دحاوي,الحاوي,3,1519,18218886,12238,11994,11994,-244.00,-1.99,12238,0,0,11994,11994
تپولا,مهندسي مرآت پولاد,3,600,21538800,36630,35898,35898,-732.00,-2.00,36629,-1.00,0,35898,35898
زير0003پ01,زيره سبز0003كيميابذر(پ),3,33,16320117,488462,494824,494824,"6,362.00",1.30,494549,"6,087.00",1.25,493999,494824
صينا205,صكوك منفعت سينا دارو-3ماهه 19%,3,986,966290346,970000,980011,980010,"10,010.00",1.03,980010,"10,010.00",1.03,980010,980011
داراب,پتروشيمي داراب,3,13378,32174090,2454,2405,2405,-49.00,-2.00,2454,0,0,2405,2405
ياقوت2,صندوق س ياقوت آگاه-ثابت,3,4472000,4472000,12019,1,1,"-12,018.00",-99.99,1,"-12,018.00",-99.99,1,1
ثروت,ص.خ.ثروت آفرين فيروزه 35%تاديه,3,3000,1008000000,350000,336000,336000,"-14,000.00",-4.00,336000,"-14,000.00",-4.00,336000,336000
تملي806,تسهيلات مسكن ب. ملي-شهريور98,2,34,25871722,724699,760933,760933,"36,234.00",5.00,760933,"36,234.00",5.00,760933,760933
پا ر 3,بار پايه روز 3,2,59200,20424000,370,345,345,-25.00,-6.76,345,-25.00,-6.76,345,345
حرهشا,رهشاد سپاهان (سهامي عام,2,169,10814479,65296,63991,63991,"-1,305.00",-2.00,65295,-1.00,0,63991,63991
اراد644,مرابحه عام دولتي64-ش.خ0111,2,14000000,1.3034E+13,944500,931048,930950,"-13,550.00",-1.43,930999,"-13,501.00",-1.43,930950,931048
مشير112,مشاركت شهرداري شيراز-3ماهه18%,2,20000,20000000000,1000000,1000000,1000000,0,0,1000000,0,0,1000000,1000000
ضملي3005,اختيارخ فملي-16000-1400/03/02,2,6,1800000,333,300,300,-33.00,-9.91,300,-33.00,-9.91,300,300
پست0008پ04,پسته فندقي32-30سبزدانه0008(پ),2,25,34750000,1329231,1390000,1390000,"60,769.00",4.57,1390000,"60,769.00",4.57,1390000,1390000
عيار2,صندوق س. پشتوانه طلاي مفيد,2,20000,20000,26025,1,1,"-26,024.00",-100.00,1,"-26,024.00",-100.00,1,1
اخزا720,اسنادخزانه-م20بودجه97-000324,2,18,17196392,951056,955799,955000,"3,944.00",0.41,955355,"4,299.00",0.45,955000,955799
اراد584,مرابحه عام دولت5-ش.خ 0110,2,10602000,9.90914E+12,972287,934696,934600,"-37,687.00",-3.88,934648,"-37,639.00",-3.87,934600,934696
صخابر102,صكوك اجاره مخابرات-3 ماهه 16%,2,11,10835946,982769,985086,985086,"2,317.00",0.24,985086,"2,317.00",0.24,985086,985086
قشهد,شهد,2,3300,66264000,20480,20080,20080,-400.00,-1.95,20480,0,0,20080,20080
اراد524,مرابحه عام دولت5-ش.خ 0108,2,12666000,1.19085E+13,1000000,940241,940150,"-59,850.00",-5.99,940195,"-59,805.00",-5.98,940150,940241
بگيلان2,توسعه مسير برق گيلان,2,36254010,7.62962E+11,21006,21000,21062,56.00,0.27,21045,39.00,0.19,21000,21062
ضفار3001,اختيارخ فارس-9000-1400/03/05,2,4,3778000,937,667,1222,285.00,30.42,944,7.00,0.75,667,1222
اراد544,مرابحه عام دولت5-ش.خ 0109,2,14000000,1.32531E+13,1015000,954822,938473,"-76,527.00",-7.54,946647,"-68,353.00",-6.73,938473,954822
غمينوح,ح . شركت صنايع غذايي مينو شرق,2,10550,109129200,10555,10344,10344,-211.00,-2.00,10344,-211.00,-2.00,10344,10344
وسمازن,س.سهام عدالت استان مازندران,2,21000,20160000,970,960,960,-10.00,-1.03,970,0,0,960,960
ضترا3000,اختيارخ شتران-6000-1400/03/09,2,2,7000000,3000,3500,3500,500.00,16.67,3500,500.00,16.67,3500,3500
پست0008پ08,پسته فندقي32-30مه ولات0008(پ),2,9,12520000,1380000,1400000,1380000,0,0,1391111,"11,111.00",0.81,1380000,1400000
پست0008پ02,پسته فندقي32-30طلاسبززرند0008,2,8,11040000,1311939,1449000,1311000,-939.00,-0.07,1380000,"68,061.00",5.19,1311000,1449000
پا ر 59,بار پايه روز 59,2,8000,2760000,717,345,345,-372.00,-51.88,345,-372.00,-51.88,345,345
وآتوس,س.آرين توسكا قيمت اسمي 350ريال,2,245,10779510,44895,43998,43998,-897.00,-2.00,44894,-1.00,0,43998,43998
زعف0008پ16,زعفران0008نگين بيرجند(پ),2,300,35090000,115325,116900,117000,"1,675.00",1.45,116967,"1,642.00",1.42,116900,117000
ضجار2006,اختيارخ وتجارت-4500-1400/02/22,2,100,3000000,33,30,30,-3.00,-9.09,30,-3.00,-9.09,30,30
اراد414,مرابحه عام دولت4-ش.خ 0006,2,2000000,1.98473E+12,1000000,1000136,984593,"-15,407.00",-1.54,992364,"-7,636.00",-0.76,984593,1000136
ضشنا2005,اختيارخ شپنا-18000-1400/02/27,2,12,3390000,435,130,435,0,0,282,-153.00,-35.17,130,435
پا ر 2,بار پايه روز 2,2,8000,2760000,385,345,345,-40.00,-10.39,345,-40.00,-10.39,345,345
اراد494,مرابحه عام دولت4-ش.خ 0206,2,21424000,1.97463E+13,990000,921728,921650,"-68,350.00",-6.90,921689,"-68,311.00",-6.90,921650,921728
قزوين,كارخانجات‌ قند قزوين‌,2,330,12975600,40120,39320,39320,-800.00,-1.99,40120,0,0,39320,39320
ضپنا2002,اختيارخ رمپنا-14000-1400/02/12,2,5,15000000,2700,3000,3000,300.00,11.11,3000,300.00,11.11,3000,3000
تملي701,تسهيلات مسكن ب. ملي-فروردين97,2,22,13181608,570633,599164,599164,"28,531.00",5.00,599164,"28,531.00",5.00,599164,599164
اراد314,مرابحه عام دولت3-ش.خ 0208,2,25000000,2.21883E+13,1000000,900030,875035,"-124,965.00",-12.50,887532,"-112,468.00",-11.25,875035,900030
زعف0008پ20,زعفران0008نگين وحدت جام(پ),2,1100,126700000,114840,115000,115200,360.00,0.31,115182,342.00,0.30,115000,115200
پا ر 1,بار پايه روز 1,2,8000,2760000,385,345,345,-40.00,-10.39,345,-40.00,-10.39,345,345
اراد344,مرابحه عام دولت3-ش.خ 0305,2,19586000,1.67493E+13,1000000,864900,845432,"-154,568.00",-15.46,855166,"-144,834.00",-14.48,845432,864900
افرا,افرانت,2,819,28524951,35539,34829,34829,-710.00,-2.00,35539,0,0,34829,34829
تملي703,تسهيلات مسكن ب. ملي-خرداد97,2,66,34108323,543944,516747,516800,"-27,144.00",-4.99,516793,"-27,151.00",-4.99,516747,516800
حاريا,كشتيراني آريا,2,360,10249200,29051,28470,28470,-581.00,-2.00,29051,0,0,28470,28470
ضفلا3003,اختيارخ فولاد-10000-1400/03/19,2,11,37399000,3698,3399,3400,-298.00,-8.06,3400,-298.00,-8.06,3399,3400
ونچر,ص.ج.فيروزه10%تاديه,2,2000,245022000,125011,120011,125011,0,0,122511,"-2,500.00",-2.00,120011,125011
وسگيلا,شركت س استان گيلان,2,23000,17710000,780,770,770,-10.00,-1.28,780,0,0,770,770
زعف0008پ08,زعفران0008نگين روستا(پ),2,200,23525000,114574,118000,117500,"2,926.00",2.55,117625,"3,051.00",2.66,117500,118000
وغدير2,سرمايه‌گذاري‌غدير(هلدينگ‌,2,391599378,4.56213E+12,11830,11650,11650,-180.00,-1.52,11650,-180.00,-1.52,11650,11650
لازما,كارخانه هاي صنعتي آزمايش,2,1649,56404045,34903,34205,34205,-698.00,-2.00,34901,-2.00,-0.01,34205,34205
پا ر 60,بار پايه روز 60,2,8000,2760000,385,345,345,-40.00,-10.39,345,-40.00,-10.39,345,345
بفجر2,فجر انرژي خليج فارس,2,1800000,40770000000,22650,22650,22650,0,0,22650,0,0,22650,22650
وسيزد,شركت س استان يزد,2,9348,11778480,1280,1260,1260,-20.00,-1.56,1280,0,0,1260,1260
سدبير,س. تدبيرگران فارس وخوزستان,2,117,10432890,90989,89170,89170,"-1,819.00",-2.00,90989,0,0,89170,89170
ضمخا7069,اختيارخ اخابر-18000-1400/07/28,2,2,2067000,1580,667,1400,-180.00,-11.39,1033,-547.00,-34.62,667,1400
اراد214,مرابحه عام دولت2ش.خ صادرات0212,2,18600000,1.74142E+13,1000000,948532,923959,"-76,041.00",-7.60,936245,"-63,755.00",-6.38,923959,948532
اراد424,مرابحه عام دولت4-ش.خ 0106,2,10000000,9.56414E+12,1056250,964144,948683,"-107,567.00",-10.18,956413,"-99,837.00",-9.45,948683,964144
فولاد2,فولاد مباركه اصفهان,2,46700000,5.87497E+11,12590,12590,12510,-80.00,-0.64,12580,-10.00,-0.08,12510,12590
وصندوق2,سرمايه‌گذاري‌صندوق‌بازنشستگي‌,2,11638700,1.52053E+11,13150,13100,13000,-150.00,-1.14,13064,-86.00,-0.65,13000,13100
ضمخا7066,اختيارخ اخابر-12000-1400/07/28,2,2,3110000,1548,1555,1555,7.00,0.45,1555,7.00,0.45,1555,1555
شخارك2,پتروشيمي‌ خارك‌,1,4000000,1.72E+11,43190,43000,43000,-190.00,-0.44,43000,-190.00,-0.44,43000,43000
ضصاد3007,اختيارخ وبصادر-5000-1400/03/12,1,10,110000,1,11,11,10.00,"1,000.00",11,10.00,"1,000.00",11,11
وسكرشا,س.سهام عدالت استان كرمانشاه,1,4011,4973640,1260,1240,1240,-20.00,-1.59,1260,0,0,1240,1240
وسيلام,شركت س استان ايلام,1,4114,5019080,1240,1220,1220,-20.00,-1.61,1240,0,0,1220,1220
ضصاد3006,اختيارخ وبصادر-4500-1400/03/12,1,100,1100000,1,11,11,10.00,"1,000.00",11,10.00,"1,000.00",11,11
تملي708,تسهيلات مسكن ب. ملي-آبان97,1,10,5756830,605982,575683,575683,"-30,299.00",-5.00,575683,"-30,299.00",-5.00,575683,575683
ضملت3006,اختيارخ وبملت-7000-1400/03/19,1,10,550000,100,55,55,-45.00,-45.00,55,-45.00,-45.00,55,55
رايان106,مشاركت رايان سايپا-3ماهه16%,1,7335,7011042390,965392,955834,955834,"-9,558.00",-0.99,955834,"-9,558.00",-0.99,955834,955834
ضجار2003,اختيارخ وتجارت-3000-1400/02/22,1,100,15000000,215,150,150,-65.00,-30.23,150,-65.00,-30.23,150,150
اخزا7162,اسنادخزانه-م16بودجه97-000407,1,116322,1.1011E+11,943028,946600,946600,"3,572.00",0.38,946600,"3,572.00",0.38,946600,946600
ثعتما,س. ساختماني اعتماد گستر,1,100,6642900,67784,66429,66429,"-1,355.00",-2.00,67784,0,0,66429,66429
ضصاد3002,اختيارخ وبصادر-2500-1400/03/12,1,7,2023000,247,289,289,42.00,17.00,289,42.00,17.00,289,289
ضملت3004,اختيارخ وبملت-5000-1400/03/19,1,10,1000000,94,100,100,6.00,6.38,100,6.00,6.38,100,100
ضچاد2004,اختيارخ كچاد-20000-1400/02/05,1,9,17991000,1350,1999,1999,649.00,48.07,1999,649.00,48.07,1999,1999
پافروردي,بار پايه فروردين,1,15000,5175000,340,345,345,5.00,1.47,345,5.00,1.47,345,345
اخزا8122,اسنادخزانه-م12بودجه98-001111,1,112808,96128321928,844783,852141,852141,"7,358.00",0.87,852141,"7,358.00",0.87,852141,852141
اراد49,مرابحه عام دولت4-ش.خ 0206,1,20000,19800000000,990000,990000,990000,0,0,990000,0,0,990000,990000
ضملت3005,اختيارخ وبملت-6000-1400/03/19,1,1,99000,111,99,99,-12.00,-10.81,99,-12.00,-10.81,99,99
اراد45,مرابحه عام دولت4-ش.خ 0107,1,5000,4890000000,998000,978000,978000,"-20,000.00",-2.00,978000,"-20,000.00",-2.00,978000,978000
وسخراش,شركت س استان خراسان شمالي,1,5000,6750000,1370,1350,1350,-20.00,-1.46,1370,0,0,1350,1350
صگل1411,ص اجاره گل گهر 1411-3 ماهه 17%,1,16,15440000,955020,965000,965000,"9,980.00",1.05,965000,"9,980.00",1.05,965000,965000
پست0008پ09,پسته بادامي30-28مه ولات0008(پ),1,5,7143425,1360653,1428685,1428685,"68,032.00",5.00,1428685,"68,032.00",5.00,1428685,1428685
كگل2,معدني و صنعتي گل گهر,1,9714008,1.80486E+11,18510,18580,18580,70.00,0.38,18580,70.00,0.38,18580,18580
مبين011,اجاره اعتماد مبين لوتوس010710,1,8,7688000,961000,961000,961000,0,0,961000,0,0,961000,961000
اخزا8062,اسنادخزانه-م6بودجه98-000519,1,103770,96184413000,921935,926900,926900,"4,965.00",0.54,926900,"4,965.00",0.54,926900,926900
پا ر 57,بار پايه روز 57,1,20000,6900000,380,345,345,-35.00,-9.21,345,-35.00,-9.21,345,345
ضجار2007,اختيارخ وتجارت-5000-1400/02/22,1,10,220000,1382,22,22,"-1,360.00",-98.41,22,"-1,360.00",-98.41,22,22
وسفارس,شركت س استان فارس,1,4981,5030810,1030,1010,1010,-20.00,-1.94,1030,0,0,1010,1010
وسيستا,شركت س استان سيستان وبلوچستان,1,11587,8806120,770,760,760,-10.00,-1.30,770,0,0,760,760
ضخوز2012,اختيارخ فخوز-10000-1400/02/15,1,1,5400000,4800,5400,5400,600.00,12.50,5400,600.00,12.50,5400,5400
ضچاد2000,اختيارخ كچاد-12000-1400/02/05,1,3,31500000,8500,10500,10500,"2,000.00",23.53,10500,"2,000.00",23.53,10500,10500
ميدكو2,هلدينگ صنايع  معدني خاورميانه,1,20000000,6.0474E+11,30237,30237,30237,0,0,30237,0,0,30237,30237
ولراز,ليزينگ رازي,1,105,5658345,56134,53889,53889,"-2,245.00",-4.00,56133,-1.00,0,53889,53889
ضفلا3005,اختيارخ فولاد-14000-1400/03/19,1,1,800000,796,800,800,4.00,0.50,800,4.00,0.50,800,800
فسديد,لوله‌وتجهيزات‌ سديد - ورشكسته,1,1299,149405784,117363,115016,115016,"-2,347.00",-2.00,117291,-72.00,-0.06,115016,115016
پارسان2,گسترش نفت و گاز پارسيان,1,10000000,1.92E+11,19120,19200,19200,80.00,0.42,19200,80.00,0.42,19200,19200
اراد22,مرابحه عام دولت2-ش.خ لوتوس0212,1,5000,4950000000,980000,990000,990000,"10,000.00",1.02,990000,"10,000.00",1.02,990000,990000
وسمركز,شركت س استان مركزي,1,4000,5520000,1400,1380,1380,-20.00,-1.43,1400,0,0,1380,1380
وزمين,بانك ايران زمين,1,500,6879000,14038,13758,13758,-280.00,-1.99,14038,0,0,13758,13758
كيا,كيا الكترود شرق,1,648,5075784,7833,7833,7833,0,0,7833,0,0,7833,7833
وحافظ,بيمه حافظ,1,77,5131049,67996,66637,66637,"-1,359.00",-2.00,67995,-1.00,0,66637,66637
ومهان2,گروه توسعه مالي مهر آيندگان,1,10000000,1.279E+11,12790,12790,12790,0,0,12790,0,0,12790,12790
ضصاد3008,اختيارخ وبصادر-6000-1400/03/12,1,10,110000,1,11,11,10.00,"1,000.00",11,10.00,"1,000.00",11,11
صايپا112,صكوك مرابحه سايپا112-3ماهه 16%,1,10000,9833710000,983371,983371,983371,0,0,983371,0,0,983371,983371
ضفلا3002,اختيارخ فولاد-9000-1400/03/19,1,10,40000000,4300,4000,4000,-300.00,-6.98,4000,-300.00,-6.98,4000,4000
زعف0008پ15,زعفران0008پوشالمعمول طلاسرخ(پ),1,100,8150000,83236,81500,81500,"-1,736.00",-2.09,81500,"-1,736.00",-2.09,81500,81500
ارمغان2,ص سرمايه گذاري ارمغان ايرانيان,1,29904306,29904306,10033,1,1,"-10,032.00",-99.99,1,"-10,032.00",-99.99,1,1
سپ2,پرداخت الكترونيك سامان كيش,1,49000000,8.33E+11,17100,17000,17000,-100.00,-0.58,17000,-100.00,-0.58,17000,17000
ضپاس2000,اختيارخ وپارس-2000-1400/02/29,1,1,933000,999,933,933,-66.00,-6.61,933,-66.00,-6.61,933,933
نبروج,نساجي بروجرد,1,5000,31250000,5810,6250,6250,440.00,7.57,5811,1.00,0.02,6250,6250
نكالا2,نهادهاي مالي بورس كالاي ايران,1,10999997,3.8214E+11,34740,34740,34740,0,0,34740,0,0,34740,34740
فنوال2,نورد آلومينيوم‌,1,18852354,4.74702E+11,25180,25180,25180,0,0,25180,0,0,25180,25180
رطب0002پ02,رطب مضافتي0002اتحاديه كرمان(پ),1,115,18918075,166858,164505,164505,"-2,353.00",-1.41,164505,"-2,353.00",-1.41,164505,164505
بزاگرسح,ح . نيروگاه زاگرس كوثر,1,1100,6732000,6210,6120,6120,-90.00,-1.45,6120,-90.00,-1.45,6120,6120
وسكرد,شركت س استان كردستان,1,7000,5110000,740,730,730,-10.00,-1.35,740,0,0,730,730
ضجار2008,اختيارخ وتجارت-6000-1400/02/22,1,10,220000,10,22,22,12.00,120.00,22,12.00,120.00,22,22
وسزنجان,شركت س استان زنجان,1,4000,5600000,1420,1400,1400,-20.00,-1.41,1420,0,0,1400,1400
شستا9942,اجاره تامين اجتماعي-نوين991226,1,669412,6.69412E+11,1000000,1000000,1000000,0,0,1000000,0,0,1000000,1000000
ضغدر3002,اختيارخ وغدير-9000-1400/03/26,1,50,185000000,3800,3700,3700,-100.00,-2.63,3700,-100.00,-2.63,3700,3700
ضملت3007,اختيارخ وبملت-8000-1400/03/19,1,10,330000,1,33,33,32.00,"3,200.00",33,32.00,"3,200.00",33,33
صبا1401,اجاره مهندسي صبا نفت14010225,1,280,280000000,988550,1000000,1000000,"11,450.00",1.16,1000000,"11,450.00",1.16,1000000,1000000
ضمخا7070,اختيارخ اخابر-20000-1400/07/28,1,5,4500000,666,900,900,234.00,35.14,900,234.00,35.14,900,900
ضملي3002,اختيارخ فملي-10000-1400/03/02,1,20,60000000,2783,3000,3000,217.00,7.80,3000,217.00,7.80,3000,3000
شاراك2,پتروشيمي شازند,1,3000000,72960000000,24300,24320,24320,20.00,0.08,24320,20.00,0.08,24320,24320
اخزا8072,اسنادخزانه-م7بودجه98-000719,1,118571,1.06536E+11,892438,898500,898500,"6,062.00",0.68,898500,"6,062.00",0.68,898500,898500
ضسپا3001,اختيارخ خساپا-1600-1400/03/26,1,1,666000,850,666,666,-184.00,-21.65,666,-184.00,-21.65,666,666
زعف0008پ19,زعفران0008نگين تروند قاينات(پ),1,100,11897000,116496,118970,118970,"2,474.00",2.12,118970,"2,474.00",2.12,118970,118970
قجام,فرآوردههاي غذايي وقندتربت‌جام‌,1,540,8805780,16639,16307,16307,-332.00,-2.00,16639,0,0,16307,16307
پارس2,پتروشيمي پارس,1,800000,1.1E+11,135310,137500,137500,"2,190.00",1.62,137500,"2,190.00",1.62,137500,137500
رطب0002پ01,رطب مضافتي0002افشارتعاون بم(پ),1,25,4545450,184422,181818,181818,"-2,604.00",-1.41,181818,"-2,604.00",-1.41,181818,181818
تملي804,تسهيلات مسكن ب. ملي-تير98,1,7,5744718,863867,820674,820674,"-43,193.00",-5.00,820674,"-43,193.00",-5.00,820674,820674
شلرد02,كود شيميايي اوره لردگان,1,182,184154880,993000,1011840,1011840,"18,840.00",1.90,1011840,"18,840.00",1.90,1011840,1011840
ضپيك2011,اختيارخ تاپيكو-14000-00/02/19,1,10,9500000,666,950,950,284.00,42.64,950,284.00,42.64,950,950
ضپنا2000,اختيارخ رمپنا-10000-1400/02/12,1,1,7200000,7777,7200,7200,-577.00,-7.42,7200,-577.00,-7.42,7200,7200
ركيش,كارت اعتباري ايران كيش,1,2000,51780000,26410,25890,25890,-520.00,-1.97,26410,0,0,25890,25890
,,,,,,,,,,,,,,
,,,,,,,,,,,,,,
